,Market Name,Variety,Price Date,Min Price (Rs./Quintal),Max Price (Rs./Quintal),Modal Price (Rs./Quintal),Predicted Modal Price (Rs./Quintal)
0,Achnera,Desi,30-Dec-20,900,1000,950,950.55
1,Achnera,Desi,29-Dec-20,800,900,850,850
2,Achnera,Desi,28-Dec-20,850,950,900,899.98
3,Achnera,Desi,27-Dec-20,800,900,850,850
4,Achnera,Desi,26-Dec-20,800,900,850,850
5,Achnera,Desi,25-Dec-20,800,900,850,850
6,Achnera,Desi,23-Dec-20,950,1050,1000,998.94
7,Achnera,Desi,22-Dec-20,820,920,870,871.27
8,Achnera,Desi,21-Dec-20,800,900,850,850
9,Achnera,Desi,20-Dec-20,800,900,850,850
10,Achnera,Desi,19-Dec-20,950,1050,1000,999.1
11,Achnera,Desi,18-Dec-20,1000,1100,1050,1050.73
12,Achnera,Desi,16-Dec-20,1350,1450,1400,1399.74
13,Achnera,Desi,15-Dec-20,1400,1500,1450,1450.06
14,Achnera,Desi,14-Dec-20,1700,1800,1750,1747.86
15,Achnera,Desi,13-Dec-20,1700,1800,1750,1747.36
16,Achnera,Desi,12-Dec-20,1650,1750,1700,1697.76
17,Achnera,Desi,11-Dec-20,2000,2100,2050,2050.86
18,Achnera,Desi,09-Dec-20,2300,2400,2350,2349.43
19,Achnera,Desi,08-Dec-20,2350,2450,2400,2404
20,Achnera,Desi,07-Dec-20,2550,2650,2600,2601.08
21,Achnera,Desi,06-Dec-20,2650,2750,2700,2704.48
22,Achnera,Desi,05-Dec-20,2750,2850,2800,2799.56
23,Achnera,Desi,04-Dec-20,2800,2880,2840,2852.58
24,Achnera,Desi,02-Dec-20,2750,2850,2800,2800.36
25,Achnera,Desi,01-Dec-20,2840,2940,2890,2890
26,Achnera,Desi,30-Nov-20,2830,2930,2880,2882.77
27,Achnera,Desi,29-Nov-20,3750,3850,3800,3510.5
28,Achnera,Desi,28-Nov-20,2820,2900,2860,2858.64
29,Achnera,Desi,27-Nov-20,2830,2910,2870,2878.85
30,Achnera,Desi,25-Nov-20,2850,2950,2900,2893.88
31,Achnera,Desi,24-Nov-20,2850,2950,2900,2897.95
32,Achnera,Desi,23-Nov-20,2840,2920,2880,2880.07
33,Achnera,Desi,22-Nov-20,2820,2900,2860,2857.31
34,Achnera,Desi,21-Nov-20,2840,2920,2880,2879.5
35,Achnera,Desi,20-Nov-20,2850,2950,2900,2896.24
36,Achnera,Desi,18-Nov-20,2840,2920,2880,2879.14
37,Achnera,Desi,17-Nov-20,2800,2880,2840,2841.25
38,Achnera,Desi,16-Nov-20,2800,2880,2840,2840.16
39,Achnera,Desi,15-Nov-20,2800,2860,2830,2831.32
40,Achnera,Desi,14-Nov-20,2800,2860,2830,2830.54
41,Achnera,Desi,13-Nov-20,2800,2880,2840,2837.02
42,Achnera,Desi,11-Nov-20,2780,2860,2820,2822.5
43,Achnera,Desi,10-Nov-20,2750,2850,2800,2799.75
44,Achnera,Desi,09-Nov-20,2750,2850,2800,2799.81
45,Achnera,Desi,08-Nov-20,2750,2850,2800,2799.66
46,Achnera,Desi,07-Nov-20,2780,2860,2820,2819.94
47,Achnera,Desi,06-Nov-20,2750,2850,2800,2799.29
48,Achnera,Desi,04-Nov-20,2750,2850,2800,2799.27
49,Achnera,Desi,03-Nov-20,2750,2850,2800,2799.68
50,Achnera,Desi,02-Nov-20,2640,2720,2680,2678.68
51,Achnera,Desi,01-Nov-20,2740,2820,2780,2770.06
52,Achnera,Desi,31-Oct-20,2600,2700,2650,2649.4
53,Achnera,Desi,30-Oct-20,2600,2680,2640,2643.85
54,Achnera,Desi,28-Oct-20,2600,2700,2650,2649.19
55,Achnera,Desi,27-Oct-20,2700,2780,2740,2737.55
56,Achnera,Desi,26-Oct-20,2550,2650,2600,2600.7
57,Achnera,Desi,25-Oct-20,2550,2650,2600,2600.4
58,Achnera,Desi,24-Oct-20,2550,2650,2600,2600.18
59,Achnera,Desi,23-Oct-20,2500,2580,2540,2547.92
60,Achnera,Desi,21-Oct-20,2500,2600,2550,2548.42
61,Achnera,Desi,20-Oct-20,2500,2600,2550,2548.22
62,Achnera,Desi,19-Oct-20,2450,2550,2500,2499.34
63,Achnera,Desi,18-Oct-20,2450,2550,2500,2500.34
64,Achnera,Desi,17-Oct-20,2450,2550,2500,2501.03
65,Achnera,Desi,16-Oct-20,2450,2550,2500,2503.25
66,Achnera,Desi,14-Oct-20,2400,2500,2450,2451.21
67,Achnera,Desi,13-Oct-20,2500,2560,2530,2526.25
68,Achnera,Desi,12-Oct-20,2500,2580,2540,2542.35
69,Achnera,Desi,11-Oct-20,2500,2580,2540,2542.24
70,Achnera,Desi,10-Oct-20,2500,2560,2530,2525.89
71,Achnera,Desi,07-Oct-20,2470,2530,2500,2471.52
72,Achnera,Desi,06-Oct-20,2480,2560,2520,2515.58
73,Achnera,Desi,05-Oct-20,2500,2580,2540,2541.71
74,Achnera,Desi,04-Oct-20,2460,2540,2500,2491.73
75,Achnera,Desi,03-Oct-20,2400,2500,2450,2450.77
76,Achnera,Desi,02-Oct-20,2400,2500,2450,2451.26
77,Achnera,Desi,30-Sep-20,2420,2500,2460,2457.8
78,Achnera,Desi,29-Sep-20,2400,2500,2450,2449.88
79,Achnera,Desi,28-Sep-20,2400,2480,2440,2444.87
80,Achnera,Desi,27-Sep-20,2380,2460,2420,2426.18
81,Achnera,Desi,26-Sep-20,2300,2400,2350,2348.08
82,Achnera,Desi,25-Sep-20,2350,2450,2400,2401.13
83,Achnera,Desi,23-Sep-20,2270,2350,2310,2312.44
84,Achnera,Desi,22-Sep-20,2280,2360,2320,2316.14
85,Achnera,Desi,21-Sep-20,2250,2350,2300,2298.76
86,Achnera,Desi,20-Sep-20,2200,2300,2250,2250.37
87,Achnera,Desi,19-Sep-20,2240,2340,2290,2288.94
88,Achnera,Desi,18-Sep-20,2200,2350,2250,2259.24
89,Achnera,Desi,16-Sep-20,2200,2300,2250,2246.28
90,Achnera,Desi,15-Sep-20,2150,2250,2200,2196.26
91,Achnera,Desi,14-Sep-20,2100,2200,2150,2152.04
92,Achnera,Desi,13-Sep-20,2050,2150,2100,2100.05
93,Achnera,Desi,12-Sep-20,2060,2140,2100,2105.85
94,Achnera,Desi,11-Sep-20,2050,2150,2100,2100.83
95,Achnera,Potato,10-Sep-20,2050,2150,2100,2101.07
96,Achnera,Desi,09-Sep-20,2030,2130,2080,2082.81
97,Achnera,Desi,08-Sep-20,2020,2120,2080,2075.93
98,Achnera,Desi,07-Sep-20,2020,2100,2060,2060.26
99,Achnera,Desi,05-Sep-20,2000,2060,2030,2025.3
100,Achnera,Desi,04-Sep-20,1970,2030,2000,1998.62
101,Achnera,Desi,03-Sep-20,2010,2090,2050,2046.38
102,Achnera,Desi,02-Sep-20,2000,2080,2040,2041.18
103,Achnera,Desi,01-Sep-20,1950,2050,2000,1998.35
104,Achnera,Desi,31-Aug-20,2020,2100,2060,2059.96
105,Achnera,Desi,30-Aug-20,2000,2080,2040,2041.08
106,Achnera,Desi,29-Aug-20,2000,2100,2050,2050.16
107,Achnera,Desi,28-Aug-20,2000,2100,2050,2050.22
108,Achnera,Desi,26-Aug-20,2040,2120,2080,2078.49
109,Achnera,Desi,25-Aug-20,2000,2100,2050,2050.08
110,Achnera,Desi,24-Aug-20,1930,2030,1980,1982.23
111,Achnera,Desi,23-Aug-20,1940,2020,1980,1978.75
112,Achnera,Desi,22-Aug-20,1930,2010,1970,1963.63
113,Achnera,Desi,21-Aug-20,1920,2000,1960,1954.5
114,Achnera,Desi,19-Aug-20,1900,1960,1930,1930.23
115,Achnera,Desi,18-Aug-20,1930,2030,1980,1978.99
116,Achnera,Desi,17-Aug-20,1900,1960,1930,1930
117,Achnera,Desi,16-Aug-20,1900,1960,1930,1929.76
118,Achnera,Desi,15-Aug-20,1900,1960,1930,1929.46
119,Achnera,Desi,14-Aug-20,1900,1980,1940,1935.42
120,Achnera,Desi,12-Aug-20,1870,1930,1900,1902.16
121,Achnera,Desi,11-Aug-20,1880,1960,1920,1920.18
122,Achnera,Desi,10-Aug-20,1900,1940,1920,1920.64
123,Achnera,Desi,09-Aug-20,1800,1880,1840,1845.35
124,Achnera,Desi,08-Aug-20,1840,1920,1880,1874.08
125,Achnera,Desi,07-Aug-20,1870,1930,1900,1900.55
126,Achnera,Desi,05-Aug-20,1860,1940,1900,1899.26
127,Achnera,Desi,04-Aug-20,1850,1930,1890,1892.26
128,Achnera,Desi,03-Aug-20,1860,1940,1900,1897.88
129,Achnera,Desi,02-Aug-20,1850,1930,1890,1890.64
130,Achnera,Desi,01-Aug-20,1830,1930,1880,1882.99
131,Achnera,Desi,31-Jul-20,1820,1900,1860,1854.77
132,Achnera,Desi,27-Jul-20,1800,1880,1840,1842.09
133,Achnera,Desi,26-Jul-20,1800,1880,1840,1841.12
134,Achnera,Desi,25-Jul-20,1800,1840,1820,1819.14
135,Achnera,Desi,24-Jul-20,1800,1880,1840,1840.7
136,Achnera,Desi,22-Jul-20,1750,1850,1800,1801.03
137,Achnera,Desi,21-Jul-20,1840,1920,1880,1873.24
138,Achnera,Desi,20-Jul-20,1800,1880,1840,1840.44
139,Achnera,Desi,19-Jul-20,1760,1840,1800,1801.82
140,Achnera,Desi,18-Jul-20,1760,1820,1790,1789.64
141,Achnera,Desi,17-Jul-20,1750,1850,1800,1798.18
142,Achnera,Desi,15-Jul-20,1700,1750,1725,1728.62
143,Achnera,Desi,14-Jul-20,1720,1820,1770,1769.23
144,Achnera,Desi,13-Jul-20,1730,1830,1780,1778.28
145,Achnera,Desi,10-Jul-20,1650,1710,1680,1681.18
146,Achnera,Desi,08-Jul-20,1580,1650,1620,1617.85
147,Achnera,Desi,07-Jul-20,1550,1650,1600,1602.6
148,Achnera,Desi,06-Jul-20,1520,1600,1560,1562.66
149,Achnera,Desi,05-Jul-20,1500,1580,1540,1534
150,Achnera,Desi,04-Jul-20,1500,1600,1550,1550.58
151,Achnera,Desi,03-Jul-20,1470,1530,1500,1501.63
152,Achnera,Desi,01-Jul-20,1440,1530,1490,1488.64
153,Achnera,Desi,30-Jun-20,1430,1490,1460,1460.65
154,Achnera,Desi,29-Jun-20,1430,1500,1470,1468.66
155,Achnera,Desi,28-Jun-20,1410,1490,1450,1448.63
156,Achnera,Desi,27-Jun-20,1400,1480,1440,1442.22
157,Achnera,Desi,26-Jun-20,1430,1500,1470,1469.78
158,Achnera,Desi,24-Jun-20,1440,1510,1480,1478.88
159,Achnera,Desi,23-Jun-20,1430,1530,1480,1482.05
160,Achnera,Desi,22-Jun-20,1480,1560,1520,1516.31
161,Achnera,Desi,21-Jun-20,1450,1550,1500,1499.9
162,Achnera,Desi,20-Jun-20,1400,1500,1450,1450.63
163,Achnera,Desi,19-Jun-20,1420,1480,1450,1448.46
164,Achnera,Desi,17-Jun-20,1450,1500,1480,1481.78
165,Achnera,Desi,16-Jun-20,1400,1480,1440,1440.54
166,Achnera,Desi,15-Jun-20,1400,1480,1440,1440.14
167,Achnera,Desi,14-Jun-20,1400,1480,1440,1440.08
168,Achnera,Desi,13-Jun-20,1400,1480,1440,1440
169,Achnera,Desi,12-Jun-20,1400,1460,1430,1428.49
170,Achnera,Desi,10-Jun-20,1400,1480,1440,1439.91
171,Achnera,Desi,09-Jun-20,1400,1460,1430,1427.83
172,Achnera,Desi,08-Jun-20,1380,1460,1420,1420.11
173,Achnera,Desi,07-Jun-20,1350,1450,1400,1401.21
174,Achnera,Desi,06-Jun-20,1370,1430,1400,1399.43
175,Achnera,Desi,05-Jun-20,1360,1440,1400,1402.17
176,Achnera,Desi,03-Jun-20,1340,1400,1370,1372.8
177,Achnera,Desi,02-Jun-20,1320,1400,1360,1360.39
178,Achnera,Desi,01-Jun-20,1330,1400,1370,1366.4
179,Achnera,Desi,31-May-20,1320,1380,1350,1347.74
180,Achnera,Desi,30-May-20,1300,1380,1340,1340.32
181,Achnera,Desi,29-May-20,1300,1370,1335,1335.59
182,Achnera,Desi,27-May-20,1300,1380,1340,1340.5
183,Achnera,Desi,26-May-20,1320,1380,1350,1348.28
184,Achnera,Desi,25-May-20,1300,1380,1340,1341.26
185,Achnera,Desi,24-May-20,1300,1360,1330,1336.15
186,Achnera,Desi,23-May-20,1300,1390,1345,1345.93
187,Achnera,Desi,22-May-20,1300,1380,1340,1340.45
188,Achnera,Desi,20-May-20,1240,1340,1290,1291.96
189,Achnera,Desi,19-May-20,1200,1260,1230,1229.85
190,Achnera,Desi,18-May-20,1200,1280,1240,1240.08
191,Achnera,Desi,17-May-20,1200,1280,1240,1240.08
192,Achnera,Desi,16-May-20,1330,1390,1360,1356.66
193,Achnera,Desi,15-May-20,1280,1380,1320,1323.07
194,Achnera,Desi,13-May-20,1270,1370,1320,1321.39
195,Achnera,Desi,12-May-20,1270,1350,1310,1308.9
196,Achnera,Desi,11-May-20,1260,1340,1300,1305.43
197,Achnera,Desi,10-May-20,1240,1340,1290,1290.66
198,Achnera,Desi,09-May-20,1250,1350,1300,1300
199,Achnera,Desi,08-May-20,1220,1320,1270,1269.96
200,Achnera,Desi,06-May-20,1250,1350,1300,1300
201,Achnera,Desi,05-May-20,1250,1350,1300,1300
202,Achnera,Desi,04-May-20,1250,1350,1300,1300
203,Achnera,Desi,03-May-20,1250,1350,1300,1300
204,Achnera,Desi,02-May-20,1250,1350,1300,1300
205,Achnera,Desi,01-May-20,1250,1350,1300,1300
206,Achnera,Desi,29-Apr-20,1250,1350,1300,1300
207,Achnera,Desi,28-Apr-20,1300,1380,1340,1339.91
208,Achnera,Desi,27-Apr-20,1300,1400,1350,1349.2
209,Achnera,Desi,25-Apr-20,1280,1380,1330,1327.27
210,Achnera,Desi,24-Apr-20,1300,1400,1350,1349.46
211,Achnera,Desi,23-Apr-20,1300,1400,1350,1349.48
212,Achnera,Desi,22-Apr-20,1280,1340,1310,1308.82
213,Achnera,Desi,21-Apr-20,1250,1350,1300,1300
214,Achnera,Desi,20-Apr-20,1200,1320,1260,1261.91
215,Achnera,Desi,19-Apr-20,1220,1320,1270,1269.49
216,Achnera,Desi,18-Apr-20,1200,1300,1250,1250
217,Achnera,Desi,17-Apr-20,1200,1300,1250,1250
218,Achnera,Desi,15-Apr-20,1200,1300,1250,1250
219,Achnera,Desi,14-Apr-20,1150,1250,1200,1200.08
220,Achnera,Desi,13-Apr-20,1250,1350,1300,1300
221,Achnera,Desi,12-Apr-20,1200,1300,1250,1250
222,Achnera,Desi,11-Apr-20,1250,1350,1300,1300
223,Achnera,Desi,10-Apr-20,1250,1350,1300,1300
224,Achnera,Desi,08-Apr-20,1230,1350,1290,1287.8
225,Achnera,Desi,07-Apr-20,1200,1300,1250,1250
226,Achnera,Desi,06-Apr-20,1150,1250,1200,1200.08
227,Achnera,Desi,05-Apr-20,1100,1200,1150,1149.84
228,Achnera,Desi,04-Apr-20,1200,1300,1250,1249.98
229,Achnera,Desi,03-Apr-20,1150,1250,1200,1200.08
230,Achnera,Desi,01-Apr-20,1150,1250,1200,1200
231,Achnera,Desi,31-Mar-20,1150,1250,1200,1200
232,Achnera,Desi,30-Mar-20,1150,1250,1200,1200
233,Achnera,Desi,29-Mar-20,1150,1250,1200,1200
234,Achnera,Desi,28-Mar-20,1150,1250,1200,1200
235,Achnera,Desi,27-Mar-20,1300,1400,1350,1349.85
236,Achnera,Desi,25-Mar-20,1250,1350,1300,1300
237,Achnera,Desi,24-Mar-20,1150,1250,1200,1200
238,Achnera,Desi,23-Mar-20,1150,1250,1200,1200.02
239,Achnera,Desi,22-Mar-20,1150,1250,1200,1200.07
240,Achnera,Desi,21-Mar-20,1150,1250,1200,1200.07
241,Achnera,Desi,20-Mar-20,1200,1260,1230,1229.83
242,Achnera,Desi,18-Mar-20,1150,1250,1200,1199.72
243,Achnera,Desi,17-Mar-20,1140,1220,1180,1181.54
244,Achnera,Desi,16-Mar-20,1200,1300,1250,1249.8
245,Achnera,Desi,15-Mar-20,1200,1300,1250,1249.8
246,Achnera,Desi,14-Mar-20,1180,1260,1220,1217.04
247,Achnera,Desi,13-Mar-20,1180,1240,1210,1202.92
248,Achnera,Desi,09-Mar-20,1050,1150,1100,1102.08
249,Achnera,Desi,08-Mar-20,1050,1150,1100,1101.38
250,Achnera,Desi,07-Mar-20,1050,1150,1100,1102.9
251,Achnera,Desi,06-Mar-20,900,1000,950,950.52
252,Achnera,Desi,04-Mar-20,800,900,850,849.98
253,Achnera,Desi,03-Mar-20,800,900,850,849.94
254,Achnera,Desi,02-Mar-20,800,880,840,838.86
255,Achnera,Desi,01-Mar-20,800,880,840,838.8
256,Achnera,Desi,29-Feb-20,820,900,860,859.54
257,Achnera,Desi,28-Feb-20,800,900,850,849.44
258,Achnera,Desi,26-Feb-20,860,940,900,899.64
259,Achnera,Desi,25-Feb-20,840,900,870,873.16
260,Achnera,Desi,24-Feb-20,860,900,880,874.9
261,Achnera,Desi,23-Feb-20,840,910,870,874.86
262,Achnera,Desi,22-Feb-20,840,920,880,883.06
263,Achnera,Desi,21-Feb-20,900,960,930,930.06
264,Achnera,Desi,19-Feb-20,900,960,930,930.04
265,Achnera,Desi,18-Feb-20,900,960,930,930.02
266,Achnera,Desi,17-Feb-20,870,950,910,907.66
267,Achnera,Desi,16-Feb-20,880,980,930,927.24
268,Achnera,Desi,15-Feb-20,850,950,900,901.7
269,Achnera,Desi,14-Feb-20,880,960,920,923.06
270,Achnera,Desi,12-Feb-20,900,980,940,927.04
271,Achnera,Desi,11-Feb-20,900,1000,950,950.56
272,Achnera,Desi,10-Feb-20,920,1000,960,956.28
273,Achnera,Desi,09-Feb-20,940,1000,970,969.38
274,Achnera,Desi,08-Feb-20,900,1000,950,950.58
275,Achnera,Desi,07-Feb-20,940,1010,970,977.98
276,Achnera,Desi,05-Feb-20,940,1020,980,978.23
277,Achnera,Desi,04-Feb-20,900,960,930,928.04
278,Achnera,Desi,03-Feb-20,940,1020,980,978.5
279,Achnera,Desi,02-Feb-20,1000,1080,1040,1040.25
280,Achnera,Desi,01-Feb-20,1000,1100,1050,1050.02
281,Achnera,Desi,31-Jan-20,1100,1180,1140,1139.92
282,Achnera,Desi,29-Jan-20,1200,1280,1240,1240.12
283,Achnera,Desi,28-Jan-20,1200,1280,1240,1240.12
284,Achnera,Desi,27-Jan-20,1200,1300,1250,1249.28
285,Achnera,Desi,25-Jan-20,1200,1280,1240,1240.12
286,Achnera,Desi,24-Jan-20,1200,1300,1250,1248.24
287,Achnera,Desi,22-Jan-20,1200,1300,1240,1244.18
288,Achnera,Desi,21-Jan-20,1220,1300,1260,1258.57
289,Achnera,Desi,20-Jan-20,1220,1300,1260,1258.77
290,Achnera,Desi,19-Jan-20,1200,1300,1250,1249.02
291,Achnera,Desi,18-Jan-20,1200,1260,1230,1229.86
292,Achnera,Desi,17-Jan-20,1200,1260,1230,1229.84
293,Achnera,Desi,15-Jan-20,1200,1300,1250,1249.78
294,Achnera,Desi,14-Jan-20,1200,1300,1250,1249.84
295,Achnera,Desi,13-Jan-20,1200,1300,1250,1249.94
296,Achnera,Desi,12-Jan-20,1200,1300,1250,1249.94
297,Achnera,Desi,11-Jan-20,1220,1320,1260,1266.07
298,Achnera,Desi,10-Jan-20,1220,1300,1260,1259.4
299,Achnera,Desi,08-Jan-20,1250,1350,1300,1300
300,Achnera,Desi,07-Jan-20,1250,1350,1300,1299.95
301,Achnera,Desi,06-Jan-20,1250,1350,1300,1299.85
302,Achnera,Desi,05-Jan-20,1280,1360,1320,1322.01
303,Achnera,Desi,04-Jan-20,1250,1350,1300,1299.1
304,Achnera,Desi,03-Jan-20,1300,1400,1350,1350.06
305,Achnera,Desi,01-Jan-20,1300,1400,1350,1350.06
306,Agra,Desi,31-Dec-20,800,1100,960,965.22
307,Agra,Desi,30-Dec-20,800,1050,940,950.18
308,Agra,Desi,29-Dec-20,800,1080,950,954.32
309,Agra,Desi,28-Dec-20,800,1100,950,956.05
310,Agra,Desi,26-Dec-20,850,1100,980,976.22
311,Agra,Desi,25-Dec-20,900,1100,990,987.74
312,Agra,Desi,24-Dec-20,880,1100,975,975.88
313,Agra,Desi,23-Dec-20,900,1100,980,983.88
314,Agra,Desi,22-Dec-20,850,1100,980,976.81
315,Agra,Desi,21-Dec-20,1000,1200,1110,1107.96
316,Agra,Desi,19-Dec-20,1000,1200,1100,1108.38
317,Agra,Desi,18-Dec-20,1100,1380,1250,1247.21
318,Agra,Desi,17-Dec-20,950,1200,1050,1041.99
319,Agra,Desi,16-Dec-20,1050,1300,1210,1198.37
320,Agra,Desi,15-Dec-20,1300,1550,1450,1435.97
321,Agra,Desi,14-Dec-20,1800,2000,1920,1912.57
322,Agra,Desi,12-Dec-20,1850,2050,1950,1969.48
323,Agra,Desi,11-Dec-20,1850,2050,1980,1970.56
324,Agra,Desi,10-Dec-20,1900,2150,2050,2022.78
325,Agra,Desi,09-Dec-20,1900,2100,2000,2000.27
326,Agra,Desi,07-Dec-20,1900,2150,2050,2032.8
327,Agra,Desi,05-Dec-20,2600,2850,2720,2722.8
328,Agra,Desi,04-Dec-20,2800,3100,2950,2946.51
329,Agra,Desi,03-Dec-20,2900,3100,3000,2984.12
330,Agra,Desi,02-Dec-20,2900,3150,3050,3014.05
331,Agra,Desi,30-Nov-20,2800,3100,2950,2944.97
332,Agra,Desi,28-Nov-20,2800,3000,2900,2894.93
333,Agra,Desi,27-Nov-20,2750,2950,2870,2872.95
334,Agra,Desi,26-Nov-20,2750,2950,2880,2857.15
335,Agra,Desi,25-Nov-20,2800,3000,2890,2893.67
336,Agra,Desi,24-Nov-20,2800,3000,2900,2899.09
337,Agra,Desi,23-Nov-20,2750,3000,2880,2878.09
338,Agra,Desi,21-Nov-20,2700,3000,2850,2861.28
339,Agra,Desi,20-Nov-20,2800,3000,2890,2897.05
340,Agra,Desi,19-Nov-20,2800,3000,2900,2889
341,Agra,Desi,18-Nov-20,2750,3000,2880,2877.87
342,Agra,Desi,16-Nov-20,2750,3000,2880,2876.29
343,Agra,Desi,14-Nov-20,2750,3000,2880,2873.45
344,Agra,Desi,13-Nov-20,2750,3000,2850,2867.07
345,Agra,Desi,12-Nov-20,2700,3000,2840,2841.09
346,Agra,Desi,11-Nov-20,2700,2950,2820,2819.56
347,Agra,Desi,10-Nov-20,2700,3000,2850,2847.74
348,Agra,Desi,09-Nov-20,2700,2950,2820,2816.27
349,Agra,Desi,07-Nov-20,2700,2950,2810,2809.27
350,Agra,Desi,06-Nov-20,2700,2900,2800,2802.25
351,Agra,Desi,05-Nov-20,2750,3000,2870,2866.19
352,Agra,Desi,04-Nov-20,2700,2950,2820,2800.64
353,Agra,Desi,03-Nov-20,2700,2900,2800,2800.34
354,Agra,Desi,02-Nov-20,2650,2900,2780,2777.14
355,Agra,Desi,31-Oct-20,2700,2950,2790,2791.41
356,Agra,Desi,30-Oct-20,2700,2950,2780,2786.11
357,Agra,Desi,29-Oct-20,2650,2900,2770,2775.63
358,Agra,Desi,28-Oct-20,2600,2850,2750,2733.62
359,Agra,Desi,27-Oct-20,2500,2750,2650,2647.6
360,Agra,Desi,26-Oct-20,2650,2850,2780,2768.63
361,Agra,Desi,24-Oct-20,2600,2850,2700,2736.19
362,Agra,Desi,23-Oct-20,2550,2800,2680,2673.82
363,Agra,Desi,22-Oct-20,2400,2600,2500,2501.62
364,Agra,Desi,21-Oct-20,2400,2600,2480,2487.75
365,Agra,Desi,20-Oct-20,2400,2600,2490,2493.93
366,Agra,Desi,19-Oct-20,2400,2600,2500,2500.34
367,Agra,Desi,17-Oct-20,2400,2600,2500,2504.24
368,Agra,Desi,16-Oct-20,2400,2600,2510,2507.93
369,Agra,Desi,15-Oct-20,2400,2600,2500,2501.98
370,Agra,Desi,14-Oct-20,2350,2600,2470,2470.87
371,Agra,Desi,13-Oct-20,2300,2550,2450,2451.85
372,Agra,Desi,12-Oct-20,2400,2600,2515,2510.77
373,Agra,Desi,10-Oct-20,2420,2650,2525,2534.1
374,Agra,Desi,09-Oct-20,2400,2650,2520,2534.72
375,Agra,Desi,08-Oct-20,2400,2600,2510,2506.76
376,Agra,Desi,07-Oct-20,2400,2600,2500,2503.2
377,Agra,Desi,06-Oct-20,2350,2600,2480,2477.45
378,Agra,Desi,05-Oct-20,2400,2600,2500,2501.48
379,Agra,Desi,03-Oct-20,2350,2600,2480,2477.87
380,Agra,Desi,02-Oct-20,2300,2550,2450,2452.18
381,Agra,Desi,30-Sep-20,2350,2600,2470,2477.63
382,Agra,Desi,29-Sep-20,2350,2550,2480,2455.98
383,Agra,Desi,28-Sep-20,2400,2600,2500,2501.38
384,Agra,Desi,26-Sep-20,2300,2500,2400,2395.57
385,Agra,Desi,25-Sep-20,2200,2500,2350,2327.74
386,Agra,Desi,24-Sep-20,2300,2500,2400,2395.6
387,Agra,Desi,23-Sep-20,2300,2500,2380,2387.28
388,Agra,Desi,22-Sep-20,2200,2400,2280,2288.02
389,Agra,Desi,21-Sep-20,2200,2400,2300,2295.32
390,Agra,Desi,19-Sep-20,2100,2350,2250,2243.52
391,Agra,Desi,18-Sep-20,2200,2400,2280,2280.88
392,Agra,Desi,17-Sep-20,2120,2350,2250,2234.91
393,Agra,Desi,16-Sep-20,2100,2300,2210,2212.96
394,Agra,Desi,15-Sep-20,2100,2400,2240,2248.04
395,Agra,Desi,14-Sep-20,2100,2300,2200,2203.21
396,Agra,Desi,12-Sep-20,2100,2300,2200,2201.21
397,Agra,Desi,11-Sep-20,2050,2250,2170,2165.66
398,Agra,Desi,10-Sep-20,2000,2200,2100,2104.9
399,Agra,Desi,09-Sep-20,2000,2200,2120,2106.44
400,Agra,Desi,08-Sep-20,2050,2250,2150,2155.39
401,Agra,Desi,07-Sep-20,2000,2200,2080,2087.37
402,Agra,Desi,05-Sep-20,2000,2200,2100,2094.39
403,Agra,Desi,04-Sep-20,2000,2200,2080,2086.3
404,Agra,Desi,03-Sep-20,1900,2100,1980,1986.32
405,Agra,Desi,02-Sep-20,1900,2100,2000,1994.4
406,Agra,Desi,31-Aug-20,1900,2100,1980,1986.32
407,Agra,Desi,29-Aug-20,1900,2100,2000,1994.77
408,Agra,Desi,28-Aug-20,1900,2100,1990,1994.07
409,Agra,Desi,27-Aug-20,1900,2100,2000,1992.94
410,Agra,Desi,26-Aug-20,1850,2050,1950,1955.8
411,Agra,Desi,25-Aug-20,2000,2200,2080,2094.28
412,Agra,Desi,24-Aug-20,2000,2200,2100,2095
413,Agra,Desi,22-Aug-20,1950,2150,2050,2029.76
414,Agra,Desi,21-Aug-20,1900,2100,2000,1984.11
415,Agra,Desi,20-Aug-20,1925,2080,1985,1987.92
416,Agra,Desi,18-Aug-20,1900,2100,1980,1983.66
417,Agra,Desi,17-Aug-20,1910,2050,1985,1982.48
418,Agra,Desi,14-Aug-20,1900,2050,1980,1979.55
419,Agra,Desi,13-Aug-20,1850,2050,1950,1950.73
420,Agra,Desi,12-Aug-20,1900,2080,2000,1980.99
421,Agra,Desi,11-Aug-20,1900,2100,1980,1982.6
422,Agra,Desi,10-Aug-20,1800,2000,1900,1899.66
423,Agra,Desi,08-Aug-20,1750,2000,1840,1856
424,Agra,Desi,07-Aug-20,1800,2000,1890,1894.25
425,Agra,Desi,06-Aug-20,1800,2000,1900,1898.99
426,Agra,Desi,04-Aug-20,1800,2000,1900,1897.97
427,Agra,Desi,03-Aug-20,1800,2000,1890,1897.82
428,Agra,Desi,31-Jul-20,1800,1950,1890,1886.74
429,Agra,Desi,30-Jul-20,1780,1950,1870,1871.65
430,Agra,Desi,29-Jul-20,1800,1950,1880,1880.22
431,Agra,Desi,28-Jul-20,1800,1950,1880,1880.14
432,Agra,Desi,27-Jul-20,1800,1950,1870,1886.63
433,Agra,Desi,25-Jul-20,1750,1950,1850,1852.27
434,Agra,Desi,24-Jul-20,1750,1900,1825,1823.49
435,Agra,Desi,23-Jul-20,1750,1900,1830,1822.55
436,Agra,Desi,22-Jul-20,1700,1900,1810,1806.86
437,Agra,Desi,21-Jul-20,1700,1900,1800,1802.42
438,Agra,Desi,20-Jul-20,1650,1880,1770,1764.6
439,Agra,Desi,17-Jul-20,1700,1850,1780,1786.05
440,Agra,Desi,16-Jul-20,1700,1900,1800,1801.23
441,Agra,Desi,15-Jul-20,1700,1900,1800,1800.04
442,Agra,Desi,14-Jul-20,1600,1800,1710,1707.86
443,Agra,Desi,13-Jul-20,1650,1800,1730,1723.01
444,Agra,Desi,11-Jul-20,1650,1800,1720,1718.32
445,Agra,Desi,10-Jul-20,1600,1800,1700,1704.29
446,Agra,Desi,09-Jul-20,1550,1750,1650,1640.41
447,Agra,Desi,08-Jul-20,1550,1750,1630,1631.72
448,Agra,Desi,07-Jul-20,1520,1750,1625,1621.15
449,Agra,Desi,06-Jul-20,1550,1700,1620,1619.37
450,Agra,Desi,04-Jul-20,1450,1650,1550,1549.16
451,Agra,Desi,03-Jul-20,1450,1650,1560,1552.98
452,Agra,Desi,02-Jul-20,1400,1600,1520,1511.47
453,Agra,Desi,30-Jun-20,1400,1600,1500,1496.59
454,Agra,Desi,29-Jun-20,1400,1560,1480,1483.27
455,Agra,Desi,27-Jun-20,1400,1600,1490,1494.58
456,Agra,Desi,26-Jun-20,1400,1600,1500,1499.51
457,Agra,Desi,25-Jun-20,1350,1550,1450,1450.74
458,Agra,Desi,24-Jun-20,1350,1550,1460,1458.82
459,Agra,Desi,23-Jun-20,1350,1550,1450,1454.52
460,Agra,Desi,22-Jun-20,1300,1500,1400,1400.9
461,Agra,Desi,20-Jun-20,1300,1500,1410,1404.58
462,Agra,Desi,19-Jun-20,1320,1500,1420,1406.5
463,Agra,Desi,18-Jun-20,1300,1480,1370,1379.39
464,Agra,Desi,17-Jun-20,1300,1450,1380,1381.92
465,Agra,Desi,16-Jun-20,1280,1450,1360,1355.46
466,Agra,Desi,15-Jun-20,1250,1450,1350,1342.7
467,Agra,Desi,14-Jun-20,1280,1450,1340,1346.02
468,Agra,Desi,13-Jun-20,1250,1450,1350,1346.17
469,Agra,Desi,12-Jun-20,1250,1450,1340,1341.88
470,Agra,Desi,11-Jun-20,1280,1440,1345,1347.58
471,Agra,Desi,10-Jun-20,1280,1450,1350,1348.39
472,Agra,Desi,09-Jun-20,1240,1400,1320,1320.22
473,Agra,Desi,08-Jun-20,1250,1450,1330,1334.19
474,Agra,Desi,06-Jun-20,1250,1420,1335,1336.28
475,Agra,Desi,05-Jun-20,1280,1420,1340,1342.74
476,Agra,Desi,04-Jun-20,1250,1420,1345,1343.46
477,Agra,Desi,03-Jun-20,1250,1450,1340,1338.88
478,Agra,Desi,02-Jun-20,1250,1400,1335,1331.58
479,Agra,Desi,31-May-20,1280,1410,1350,1342.47
480,Agra,Desi,30-May-20,1280,1450,1340,1347.88
481,Agra,Desi,29-May-20,1280,1450,1350,1348.33
482,Agra,Desi,28-May-20,1250,1450,1340,1344.53
483,Agra,Desi,27-May-20,1280,1420,1350,1347.73
484,Agra,Desi,26-May-20,1250,1450,1345,1342.88
485,Agra,Desi,25-May-20,1250,1450,1340,1341.1
486,Agra,Desi,24-May-20,1250,1400,1330,1332.87
487,Agra,Desi,23-May-20,1280,1400,1345,1342.64
488,Agra,Desi,22-May-20,1250,1420,1340,1340.26
489,Agra,Desi,21-May-20,1280,1420,1350,1349.99
490,Agra,Desi,20-May-20,1280,1400,1340,1339.67
491,Agra,Desi,18-May-20,1250,1400,1330,1331.01
492,Agra,Desi,17-May-20,1280,1400,1340,1336.86
493,Agra,Desi,16-May-20,1260,1400,1330,1330.9
494,Agra,Desi,15-May-20,1260,1390,1325,1325.29
495,Agra,Desi,14-May-20,1250,1400,1330,1321.15
496,Agra,Desi,13-May-20,1250,1400,1330,1329.72
497,Agra,Desi,12-May-20,1280,1400,1335,1328.64
498,Agra,Desi,11-May-20,1280,1400,1325,1328.31
499,Agra,Desi,09-May-20,1260,1400,1330,1329.82
500,Agra,Desi,08-May-20,1300,1400,1340,1343.47
501,Agra,Desi,07-May-20,1280,1400,1325,1329.22
502,Agra,Desi,06-May-20,1260,1400,1330,1330.74
503,Agra,Desi,05-May-20,1250,1400,1330,1330.23
504,Agra,Desi,04-May-20,1280,1400,1340,1335.65
505,Agra,Desi,02-May-20,1280,1400,1325,1328.01
506,Agra,Desi,30-Apr-20,1250,1400,1330,1320.92
507,Agra,Desi,29-Apr-20,1250,1400,1330,1328.57
508,Agra,Desi,28-Apr-20,1280,1400,1325,1326.79
509,Agra,Desi,27-Apr-20,1280,1400,1330,1329.18
510,Agra,Desi,25-Apr-20,1250,1400,1325,1325.27
511,Agra,Desi,24-Apr-20,1250,1400,1325,1324.48
512,Agra,Desi,23-Apr-20,1250,1400,1320,1321.82
513,Agra,Desi,18-Apr-20,1250,1400,1330,1324.82
514,Agra,Desi,17-Apr-20,1250,1400,1325,1321.12
515,Agra,Desi,16-Apr-20,1220,1400,1300,1297.11
516,Agra,Desi,15-Apr-20,1240,1400,1310,1312.89
517,Agra,Desi,14-Apr-20,1250,1400,1310,1315.59
518,Agra,Desi,13-Apr-20,1200,1350,1290,1283.28
519,Agra,Desi,11-Apr-20,1220,1400,1310,1308.1
520,Agra,Desi,10-Apr-20,1200,1350,1280,1278.64
521,Agra,Desi,09-Apr-20,1250,1400,1320,1320.64
522,Agra,Desi,08-Apr-20,1180,1320,1260,1256.65
523,Agra,Desi,07-Apr-20,1200,1320,1260,1260.96
524,Agra,Desi,06-Apr-20,1180,1350,1250,1255.35
525,Agra,Desi,04-Apr-20,1150,1300,1220,1217.4
526,Agra,Desi,02-Apr-20,1500,1650,1580,1567.23
527,Agra,Desi,31-Mar-20,1650,1850,1750,1752.77
528,Agra,Desi,30-Mar-20,1650,1800,1720,1719.16
529,Agra,Desi,21-Mar-20,1150,1300,1210,1212.88
530,Agra,Desi,20-Mar-20,1100,1300,1200,1208.51
531,Agra,Desi,19-Mar-20,1100,1280,1200,1196.09
532,Agra,Desi,18-Mar-20,1120,1260,1190,1184.03
533,Agra,Desi,17-Mar-20,1100,1280,1180,1187.28
534,Agra,Desi,16-Mar-20,1100,1250,1170,1179.61
535,Agra,Desi,14-Mar-20,1050,1250,1150,1158.03
536,Agra,Desi,13-Mar-20,1100,1300,1215,1208.67
537,Agra,Desi,12-Mar-20,1100,1300,1200,1202.03
538,Agra,Desi,11-Mar-20,1150,1300,1220,1218.15
539,Agra,Desi,07-Mar-20,1080,1220,1140,1144.53
540,Agra,Desi,06-Mar-20,1050,1200,1120,1116.26
541,Agra,Desi,05-Mar-20,980,1150,1050,1062.3
542,Agra,Desi,04-Mar-20,880,1050,950,958.8
543,Agra,Desi,03-Mar-20,750,950,850,858.89
544,Agra,Desi,02-Mar-20,780,920,855,854.63
545,Agra,Desi,28-Feb-20,780,980,860,866.45
546,Agra,Desi,26-Feb-20,800,950,870,870.87
547,Agra,Desi,25-Feb-20,800,960,880,880.37
548,Agra,Desi,24-Feb-20,800,980,870,887.27
549,Agra,Desi,22-Feb-20,800,950,880,878.33
550,Agra,Desi,21-Feb-20,800,950,870,874.28
551,Agra,Desi,20-Feb-20,800,1000,890,899.65
552,Agra,Desi,19-Feb-20,800,1000,900,895.67
553,Agra,Desi,18-Feb-20,800,1000,900,897.78
554,Agra,Desi,17-Feb-20,800,980,910,891.16
555,Agra,Desi,15-Feb-20,810,1000,905,901.71
556,Agra,Desi,14-Feb-20,800,1000,900,898.62
557,Agra,Desi,13-Feb-20,800,1000,910,900.51
558,Agra,Desi,12-Feb-20,850,1000,920,914.86
559,Agra,Desi,11-Feb-20,810,980,900,896.7
560,Agra,Desi,10-Feb-20,850,1000,910,910.66
561,Agra,Desi,08-Feb-20,850,1000,920,909.46
562,Agra,Desi,07-Feb-20,820,1000,900,900.71
563,Agra,Desi,05-Feb-20,900,1100,980,984.2
564,Agra,Desi,04-Feb-20,900,1050,970,973.9
565,Agra,Desi,03-Feb-20,900,1050,980,978.66
566,Agra,Desi,31-Jan-20,900,1060,1000,991.68
567,Agra,Desi,30-Jan-20,1000,1150,1080,1079.74
568,Agra,Desi,29-Jan-20,1100,1260,1180,1180.17
569,Agra,Desi,28-Jan-20,1050,1250,1150,1151.93
570,Agra,Desi,27-Jan-20,1100,1260,1180,1181.58
571,Agra,Desi,25-Jan-20,1150,1350,1260,1259.51
572,Agra,Desi,24-Jan-20,1200,1350,1265,1268.81
573,Agra,Desi,22-Jan-20,1180,1350,1250,1254.13
574,Agra,Desi,21-Jan-20,1200,1350,1280,1275.65
575,Agra,Desi,20-Jan-20,1200,1400,1300,1298.45
576,Agra,Desi,18-Jan-20,1180,1350,1260,1256.29
577,Agra,Desi,17-Jan-20,1150,1300,1225,1222.74
578,Agra,Desi,16-Jan-20,1150,1300,1220,1218.23
579,Agra,Desi,15-Jan-20,1150,1350,1250,1254.03
580,Agra,Desi,14-Jan-20,1150,1300,1220,1220.05
581,Agra,Desi,13-Jan-20,1150,1300,1220,1219.72
582,Agra,Desi,11-Jan-20,1200,1300,1250,1249.98
583,Agra,Desi,10-Jan-20,1200,1400,1300,1298.67
584,Agra,Desi,09-Jan-20,1150,1350,1250,1251.89
585,Agra,Desi,08-Jan-20,1250,1400,1320,1320.86
586,Agra,Desi,07-Jan-20,1200,1400,1300,1298.69
587,Agra,Desi,06-Jan-20,1200,1350,1280,1277.18
588,Agra,Desi,04-Jan-20,1240,1400,1310,1313.62
589,Agra,Desi,03-Jan-20,1300,1450,1380,1377.69
590,Agra,Desi,02-Jan-20,1300,1500,1400,1393.29
591,Fatehabad,Desi,31-Dec-20,700,800,750,750.28
592,Fatehabad,Desi,30-Dec-20,800,900,850,849.96
593,Fatehabad,Desi,28-Dec-20,800,900,850,849.96
594,Fatehabad,Desi,27-Dec-20,850,950,900,899.94
595,Fatehabad,Desi,26-Dec-20,800,900,850,849.96
596,Fatehabad,Desi,25-Dec-20,1000,1100,1050,1052.73
597,Fatehabad,Desi,24-Dec-20,800,1000,850,866.7
598,Fatehabad,Desi,22-Dec-20,1000,1100,1050,1051.32
599,Fatehabad,Desi,20-Dec-20,1200,1300,1250,1250
600,Fatehabad,Desi,19-Dec-20,1200,1300,1250,1250
601,Fatehabad,Desi,17-Dec-20,1200,1300,1250,1250
602,Fatehabad,Desi,16-Dec-20,1500,1550,1520,1526.59
603,Fatehabad,Desi,15-Dec-20,1500,1600,1550,1550
604,Fatehabad,Desi,14-Dec-20,1400,1450,1430,1426.56
605,Fatehabad,Desi,12-Dec-20,1400,1500,1450,1450.08
606,Fatehabad,Desi,10-Dec-20,1500,1550,1520,1518.6
607,Fatehabad,Desi,09-Dec-20,1500,1600,1550,1550
608,Fatehabad,Desi,08-Dec-20,1500,1600,1550,1550
609,Fatehabad,Desi,07-Dec-20,1500,1550,1520,1526.59
610,Fatehabad,Desi,06-Dec-20,2000,2100,2050,2051.32
611,Fatehabad,Desi,04-Dec-20,2200,2300,2250,2257.95
612,Fatehabad,Desi,02-Dec-20,2700,2750,2720,2720.64
613,Fatehabad,Desi,01-Dec-20,2650,2730,2700,2707.28
614,Fatehabad,Desi,30-Nov-20,2700,2800,2740,2738.15
615,Fatehabad,Desi,28-Nov-20,2700,2750,2730,2725.85
616,Fatehabad,Desi,26-Nov-20,2700,2800,2750,2746.96
617,Fatehabad,Desi,25-Nov-20,2700,2750,2720,2722.52
618,Fatehabad,Desi,24-Nov-20,2700,2800,2750,2737.72
619,Fatehabad,Desi,23-Nov-20,2500,2600,2550,2549.14
620,Fatehabad,Desi,21-Nov-20,2500,2600,2550,2549
621,Fatehabad,Desi,20-Nov-20,2500,2550,2520,2527.39
622,Fatehabad,Desi,19-Nov-20,2000,2050,2020,2023.08
623,Fatehabad,Desi,18-Nov-20,1800,1850,1820,1820.34
624,Fatehabad,Desi,17-Nov-20,1900,2000,1950,1949.88
625,Fatehabad,Desi,12-Nov-20,1800,1900,1850,1849.74
626,Fatehabad,Desi,11-Nov-20,2000,2100,2050,2051.98
627,Fatehabad,Desi,10-Nov-20,2200,2300,2250,2257.49
628,Fatehabad,Desi,09-Nov-20,2000,2200,2050,2069.46
629,Fatehabad,Desi,07-Nov-20,1800,1900,1850,1850
630,Fatehabad,Desi,05-Nov-20,2000,2100,2050,2049.7
631,Fatehabad,Desi,03-Nov-20,2000,2100,2050,2055.62
632,Fatehabad,Desi,02-Nov-20,1800,1900,1850,1850
633,Fatehabad,Desi,01-Nov-20,2000,2100,2060,2056.74
634,Fatehabad,Desi,31-Oct-20,2000,2100,2050,2052.04
635,Fatehabad,Desi,30-Oct-20,2000,2100,2050,2051.62
636,Fatehabad,Desi,29-Oct-20,1800,1850,1820,1818.23
637,Fatehabad,Desi,28-Oct-20,2000,2200,2050,2073.95
638,Fatehabad,Desi,27-Oct-20,1800,1900,1850,1850
639,Fatehabad,Desi,26-Oct-20,1800,1900,1850,1850
640,Fatehabad,Desi,25-Oct-20,2000,2100,2060,2056.62
641,Fatehabad,Desi,24-Oct-20,1500,1600,1550,1550
642,Fatehabad,Desi,22-Oct-20,2000,2100,2050,2049.76
643,Fatehabad,Desi,21-Oct-20,2000,2100,2050,2056.02
644,Fatehabad,Desi,20-Oct-20,1800,1900,1850,1850
645,Fatehabad,Desi,19-Oct-20,1800,1900,1850,1850
646,Fatehabad,Desi,18-Oct-20,1500,1550,1530,1527.09
647,Fatehabad,Desi,17-Oct-20,1800,1850,1820,1820.42
648,Fatehabad,Desi,16-Oct-20,1500,1550,1520,1522.1
649,Fatehabad,Desi,15-Oct-20,1500,1600,1550,1549.86
650,Fatehabad,Desi,14-Oct-20,1500,1600,1550,1550
651,Fatehabad,Desi,13-Oct-20,1500,1600,1550,1550
652,Fatehabad,Desi,12-Oct-20,1500,1600,1550,1550
653,Fatehabad,Desi,11-Oct-20,1500,1600,1550,1550
654,Fatehabad,Desi,10-Oct-20,1500,1550,1520,1520.94
655,Fatehabad,Desi,07-Oct-20,1500,1600,1550,1550
656,Fatehabad,Desi,05-Oct-20,1500,1600,1550,1550
657,Fatehabad,Desi,04-Oct-20,1800,1900,1850,1850.52
658,Fatehabad,Desi,03-Oct-20,1850,1950,1900,1900.01
659,Fatehabad,Desi,02-Oct-20,1850,1950,1900,1900.01
660,Fatehabad,Desi,01-Oct-20,1850,2000,1900,1901.89
661,Fatehabad,Desi,30-Sep-20,1850,1950,1900,1900.01
662,Fatehabad,Desi,29-Sep-20,1800,1850,1820,1820.42
663,Fatehabad,Desi,28-Sep-20,2000,2050,2020,2023.85
664,Fatehabad,Desi,27-Sep-20,1800,1870,1860,1853.04
665,Fatehabad,Desi,26-Sep-20,1850,1900,1870,1869.02
666,Fatehabad,Desi,24-Sep-20,1750,1800,1780,1764.71
667,Fatehabad,Desi,23-Sep-20,1850,2000,1900,1904.74
668,Fatehabad,Desi,22-Sep-20,1800,1850,1820,1820.42
669,Fatehabad,Desi,21-Sep-20,1800,1900,1850,1850.77
670,Fatehabad,Desi,20-Sep-20,1800,1900,1850,1850.79
671,Fatehabad,Desi,19-Sep-20,2000,2100,2050,2050.32
672,Fatehabad,Desi,18-Sep-20,2000,2100,2050,2050.22
673,Fatehabad,Desi,17-Sep-20,1750,1850,1800,1798.26
674,Fatehabad,Desi,16-Sep-20,1500,1600,1550,1550
675,Fatehabad,Desi,15-Sep-20,1800,1900,1850,1850.67
676,Fatehabad,Desi,13-Sep-20,2000,2100,2050,2050.17
677,Fatehabad,Desi,12-Sep-20,1500,1600,1550,1550
678,Fatehabad,Desi,11-Sep-20,1500,1600,1550,1550
679,Fatehabad,Desi,10-Sep-20,1500,1600,1550,1550
680,Fatehabad,Desi,09-Sep-20,1400,1450,1420,1420.16
681,Fatehabad,Desi,06-Sep-20,1500,1600,1550,1549.74
682,Fatehabad,Desi,05-Sep-20,1500,1600,1550,1550
683,Fatehabad,Desi,04-Sep-20,1500,1550,1520,1520.18
684,Fatehabad,Desi,02-Sep-20,1500,1550,1520,1520.14
685,Fatehabad,Desi,01-Sep-20,1400,1450,1420,1420.04
686,Fatehabad,Desi,31-Aug-20,1400,1450,1420,1420.04
687,Fatehabad,Desi,30-Aug-20,1400,1480,1450,1446.79
688,Fatehabad,Desi,29-Aug-20,1500,1550,1520,1520.17
689,Fatehabad,Desi,28-Aug-20,1500,1550,1520,1520.17
690,Fatehabad,Desi,27-Aug-20,1400,1500,1450,1449.91
691,Fatehabad,Desi,25-Aug-20,1400,1500,1450,1450.13
692,Fatehabad,Desi,24-Aug-20,1400,1500,1450,1450.15
693,Fatehabad,Desi,23-Aug-20,1400,1450,1420,1420.18
694,Fatehabad,Desi,22-Aug-20,1400,1450,1420,1420.22
695,Fatehabad,Desi,19-Aug-20,1400,1500,1450,1450.15
696,Fatehabad,Desi,18-Aug-20,1400,1450,1420,1420.74
697,Fatehabad,Desi,17-Aug-20,1400,1450,1420,1421.52
698,Fatehabad,Desi,16-Aug-20,1400,1450,1430,1426.06
699,Fatehabad,Desi,13-Aug-20,800,850,820,820
700,Fatehabad,Desi,08-Aug-20,1400,1450,1420,1423.12
701,Fatehabad,Desi,07-Aug-20,1400,1450,1430,1422.76
702,Fatehabad,Desi,06-Aug-20,1200,1300,1250,1250
703,Fatehabad,Desi,05-Aug-20,1200,1300,1250,1250
704,Fatehabad,Desi,04-Aug-20,1400,1450,1420,1421.76
705,Fatehabad,Desi,30-Jul-20,1200,1300,1250,1250
706,Fatehabad,Desi,28-Jul-20,1200,1400,1250,1270
707,Fatehabad,Desi,25-Jul-20,1200,1450,1300,1305.73
708,Fatehabad,Desi,24-Jul-20,1200,1250,1220,1219.2
709,Fatehabad,Desi,22-Jul-20,1200,1350,1250,1250.18
710,Fatehabad,Desi,21-Jul-20,1200,1300,1250,1250
711,Fatehabad,Desi,20-Jul-20,1200,1300,1250,1250
712,Fatehabad,Desi,16-Jul-20,1200,1250,1220,1219.92
713,Fatehabad,Desi,15-Jul-20,1200,1400,1250,1254.22
714,Fatehabad,Desi,14-Jul-20,1200,1350,1250,1250.18
715,Fatehabad,Desi,13-Jul-20,1200,1250,1220,1218.44
716,Fatehabad,Desi,07-Jul-20,1200,1330,1250,1251.67
717,Fatehabad,Desi,06-Jul-20,1200,1250,1220,1216.62
718,Fatehabad,Desi,05-Jul-20,1200,1400,1250,1255.26
719,Fatehabad,Desi,04-Jul-20,1200,1250,1200,1207.94
720,Fatehabad,Desi,01-Jul-20,1200,1300,1250,1250
721,Fatehabad,Desi,30-Jun-20,1200,1250,1220,1213.58
722,Fatehabad,Desi,29-Jun-20,1200,1350,1250,1250.28
723,Fatehabad,Desi,28-Jun-20,1200,1250,1220,1217.78
724,Fatehabad,Desi,27-Jun-20,1200,1350,1250,1250.52
725,Fatehabad,Desi,25-Jun-20,1200,1300,1250,1250
726,Fatehabad,Desi,24-Jun-20,1200,1350,1250,1250.77
727,Fatehabad,Desi,23-Jun-20,1200,1300,1250,1250
728,Fatehabad,Desi,22-Jun-20,1200,1250,1220,1219.48
729,Fatehabad,Desi,20-Jun-20,1200,1300,1250,1250
730,Fatehabad,Desi,18-Jun-20,1200,1250,1220,1219.96
731,Fatehabad,Desi,17-Jun-20,1200,1300,1250,1250
732,Fatehabad,Desi,16-Jun-20,1200,1300,1250,1250
733,Fatehabad,Desi,15-Jun-20,1200,1250,1220,1220.54
734,Fatehabad,Desi,14-Jun-20,1200,1250,1220,1221.04
735,Fatehabad,Desi,11-Jun-20,1200,1250,1220,1219.96
736,Fatehabad,Desi,10-Jun-20,1200,1250,1230,1226.48
737,Fatehabad,Desi,09-Jun-20,1200,1300,1250,1250
738,Fatehabad,Desi,08-Jun-20,1200,1250,1220,1221.3
739,Fatehabad,Desi,07-Jun-20,1200,1300,1250,1250
740,Fatehabad,Desi,06-Jun-20,1200,1250,1220,1220.46
741,Fatehabad,Desi,04-Jun-20,1200,1250,1220,1219.96
742,Fatehabad,Desi,03-Jun-20,1200,1250,1220,1220.28
743,Fatehabad,Desi,02-Jun-20,1200,1300,1250,1250
744,Fatehabad,Desi,01-Jun-20,1200,1250,1220,1220.36
745,Fatehabad,Desi,30-May-20,1200,1250,1220,1220.44
746,Fatehabad,Desi,29-May-20,1200,1250,1220,1220.48
747,Fatehabad,Desi,28-May-20,1200,1280,1250,1247.04
748,Fatehabad,Desi,27-May-20,1200,1300,1250,1250
749,Fatehabad,Desi,26-May-20,1200,1250,1220,1221.4
750,Fatehabad,Desi,25-May-20,1200,1300,1250,1250
751,Fatehabad,Desi,24-May-20,1200,1250,1230,1226
752,Fatehabad,Desi,23-May-20,1200,1300,1250,1250
753,Fatehabad,Desi,22-May-20,1400,1450,1420,1420.42
754,Fatehabad,Desi,21-May-20,1400,1500,1450,1449.69
755,Fatehabad,Desi,20-May-20,1400,1450,1420,1420.3
756,Fatehabad,Desi,19-May-20,1400,1500,1450,1450
757,Fatehabad,Desi,18-May-20,1400,1450,1420,1420.16
758,Fatehabad,Desi,17-May-20,1400,1450,1420,1420.35
759,Fatehabad,Desi,16-May-20,1400,1450,1420,1421.17
760,Fatehabad,Desi,15-May-20,1400,1450,1430,1425.95
761,Fatehabad,Desi,14-May-20,1400,1450,1420,1420.11
762,Fatehabad,Desi,13-May-20,1400,1500,1450,1450
763,Fatehabad,Desi,12-May-20,1400,1500,1450,1450
764,Fatehabad,Desi,11-May-20,500,600,550,604.34
765,Fatehabad,Desi,10-May-20,1400,1450,1420,1421.18
766,Fatehabad,Desi,09-May-20,1400,1450,1420,1420.99
767,Fatehabad,Desi,07-May-20,1400,1450,1420,1420.11
768,Fatehabad,Desi,06-May-20,1400,1500,1450,1450
769,Fatehabad,Desi,05-May-20,1400,1500,1450,1450
770,Fatehabad,Desi,04-May-20,1400,1500,1450,1450
771,Fatehabad,Desi,20-Apr-20,1400,1500,1450,1450
772,Fatehabad,Desi,19-Apr-20,1400,1450,1430,1426.17
773,Fatehabad,Desi,18-Apr-20,1400,1450,1420,1422.57
774,Fatehabad,Desi,16-Apr-20,1200,1300,1250,1250
775,Fatehabad,Desi,15-Apr-20,1200,1300,1250,1250
776,Fatehabad,Desi,14-Apr-20,1100,1200,1150,1149.82
777,Fatehabad,Desi,13-Apr-20,1150,1200,1180,1177.2
778,Fatehabad,Desi,12-Apr-20,1100,1150,1120,1121.06
779,Fatehabad,Desi,11-Apr-20,1100,1200,1150,1149.88
780,Fatehabad,Desi,09-Apr-20,1100,1200,1150,1149.87
781,Fatehabad,Desi,08-Apr-20,1050,1200,1100,1111.67
782,Fatehabad,Desi,07-Apr-20,1100,1200,1150,1149.88
783,Fatehabad,Desi,06-Apr-20,1100,1200,1150,1149.88
784,Fatehabad,Desi,05-Apr-20,1150,1200,1180,1178.38
785,Fatehabad,Desi,04-Apr-20,1000,1100,1050,1050
786,Fatehabad,Desi,02-Apr-20,1100,1200,1150,1149.87
787,Fatehabad,Desi,01-Apr-20,1200,1300,1250,1250
788,Fatehabad,Desi,31-Mar-20,1200,1250,1220,1221.54
789,Fatehabad,Desi,24-Mar-20,800,900,830,837.52
790,Fatehabad,Desi,20-Mar-20,700,750,720,720.16
791,Fatehabad,Desi,19-Mar-20,850,900,880,875.68
792,Fatehabad,Desi,17-Mar-20,800,900,850,850
793,Fatehabad,Desi,16-Mar-20,800,900,850,850
794,Fatehabad,Desi,15-Mar-20,800,900,850,850
795,Fatehabad,Desi,14-Mar-20,800,900,850,850
796,Fatehabad,Desi,12-Mar-20,800,850,820,820.06
797,Fatehabad,Desi,10-Mar-20,800,900,850,849.82
798,Fatehabad,Desi,09-Mar-20,800,900,850,850
799,Fatehabad,Desi,07-Mar-20,800,900,850,850
800,Fatehabad,Desi,06-Mar-20,800,900,850,850
801,Fatehabad,Desi,03-Mar-20,800,850,820,820.44
802,Fatehabad,Desi,02-Mar-20,750,850,800,801.42
803,Fatehabad,Desi,29-Feb-20,800,900,850,849.68
804,Fatehabad,Desi,27-Feb-20,800,900,850,849.82
805,Fatehabad,Desi,26-Feb-20,800,900,850,847.68
806,Fatehabad,Desi,25-Feb-20,800,900,820,831.04
807,Fatehabad,Desi,24-Feb-20,800,850,820,820.28
808,Fatehabad,Desi,23-Feb-20,800,850,820,820.08
809,Fatehabad,Desi,22-Feb-20,800,900,850,840.64
810,Fatehabad,Desi,21-Feb-20,700,750,720,721.24
811,Fatehabad,Desi,20-Feb-20,800,850,820,820.3
812,Fatehabad,Desi,18-Feb-20,700,750,720,721.16
813,Fatehabad,Desi,17-Feb-20,700,800,750,749.5
814,Fatehabad,Desi,16-Feb-20,800,850,820,820.02
815,Fatehabad,Desi,15-Feb-20,800,850,820,820.02
816,Fatehabad,Desi,13-Feb-20,500,600,550,623.86
817,Fatehabad,Desi,12-Feb-20,800,850,820,820
818,Fatehabad,Desi,11-Feb-20,800,850,820,820
819,Fatehabad,Desi,10-Feb-20,700,800,750,749.74
820,Fatehabad,Desi,09-Feb-20,800,850,820,820
821,Fatehabad,Desi,05-Feb-20,800,850,820,820
822,Fatehabad,Desi,04-Feb-20,800,850,820,820
823,Fatehabad,Desi,01-Feb-20,800,850,820,820
824,Fatehabad,Desi,30-Jan-20,800,900,850,849.64
825,Fatehabad,Desi,28-Jan-20,800,850,820,820
826,Fatehabad,Desi,27-Jan-20,800,850,820,820
827,Fatehabad,Desi,26-Jan-20,800,900,850,849.82
828,Fatehabad,Desi,25-Jan-20,800,850,820,820
829,Fatehabad,Desi,24-Jan-20,800,850,820,820
830,Fatehabad,Desi,23-Jan-20,900,1000,950,950.18
831,Fatehabad,Desi,22-Jan-20,1000,1050,1020,1023.35
832,Fatehabad,Desi,21-Jan-20,1000,1100,1050,1050
833,Fatehabad,Desi,20-Jan-20,1180,1220,1200,1199.67
834,Fatehabad,Desi,19-Jan-20,1000,1100,1050,1050
835,Fatehabad,Desi,18-Jan-20,1150,1250,1200,1199.93
836,Fatehabad,Desi,17-Jan-20,1180,1220,1200,1199.84
837,Fatehabad,Desi,16-Jan-20,1200,1250,1220,1219.56
838,Fatehabad,Desi,15-Jan-20,1200,1280,1240,1240.34
839,Fatehabad,Desi,13-Jan-20,1200,1250,1220,1220.42
840,Fatehabad,Desi,11-Jan-20,1180,1220,1200,1199.96
841,Fatehabad,Desi,10-Jan-20,1200,1240,1220,1218.99
842,Fatehabad,Desi,09-Jan-20,1170,1200,1180,1179.12
843,Fatehabad,Desi,08-Jan-20,1180,1250,1200,1201.71
844,Fatehabad,Desi,07-Jan-20,1180,1220,1200,1200.04
845,Fatehabad,Desi,06-Jan-20,1180,1220,1200,1200.04
846,Fatehabad,Desi,04-Jan-20,1170,1250,1200,1200.93
847,Fatehabad,Desi,03-Jan-20,1180,1250,1200,1201.51
848,Fatehabad,Desi,02-Jan-20,1180,1250,1200,1200.6
849,Fatehpur Sikri,Local,31-Dec-20,900,1100,1015,1006.47
850,Fatehpur Sikri,Local,30-Dec-20,1000,1120,1065,1059.42
851,Fatehpur Sikri,Local,29-Dec-20,900,1200,1040,1032.35
852,Fatehpur Sikri,Local,28-Dec-20,1000,1200,1095,1100.2
853,Fatehpur Sikri,Local,26-Dec-20,1000,1200,1080,1095.26
854,Fatehpur Sikri,Local,25-Dec-20,1050,1250,1145,1154.68
855,Fatehpur Sikri,Local,24-Dec-20,1000,1300,1120,1138.4
856,Fatehpur Sikri,Local,23-Dec-20,1000,1300,1165,1169.59
857,Fatehpur Sikri,Local,22-Dec-20,1000,1300,1155,1175.95
858,Fatehpur Sikri,Local,21-Dec-20,1100,1300,1200,1197.66
859,Fatehpur Sikri,Local,19-Dec-20,1100,1500,1260,1287.49
860,Fatehpur Sikri,Local,18-Dec-20,1150,1350,1250,1248.15
861,Fatehpur Sikri,Local,17-Dec-20,1200,1400,1300,1296.66
862,Fatehpur Sikri,Local,16-Dec-20,1350,1650,1480,1489.47
863,Fatehpur Sikri,Local,15-Dec-20,1800,2100,1945,1952.05
864,Fatehpur Sikri,Local,14-Dec-20,1900,2150,2015,2031.8
865,Fatehpur Sikri,Local,12-Dec-20,1900,2100,2000,1998.81
866,Fatehpur Sikri,Local,11-Dec-20,2000,2150,2080,2076.48
867,Fatehpur Sikri,Local,10-Dec-20,2050,2250,2150,2156.62
868,Fatehpur Sikri,Local,09-Dec-20,2500,2800,2640,2650.66
869,Fatehpur Sikri,Local,07-Dec-20,2800,2980,2880,2904.35
870,Fatehpur Sikri,Local,05-Dec-20,0,0,2925,2773.93
871,Fatehpur Sikri,Local,04-Dec-20,2800,3050,2915,2919.49
872,Fatehpur Sikri,Local,03-Dec-20,0,0,2940,2735.88
873,Fatehpur Sikri,Local,02-Dec-20,0,0,2925,2770.34
874,Fatehpur Sikri,Local,30-Nov-20,2900,3050,2960,2955.46
875,Fatehpur Sikri,Local,27-Nov-20,2800,3100,2945,2943.99
876,Fatehpur Sikri,Local,26-Nov-20,0,0,2910,2728.76
877,Fatehpur Sikri,Local,25-Nov-20,2700,3000,2890,2882.54
878,Fatehpur Sikri,Local,24-Nov-20,2800,3000,2905,2903.07
879,Fatehpur Sikri,Local,23-Nov-20,2800,3000,2920,2900.76
880,Fatehpur Sikri,Local,21-Nov-20,2800,3000,2900,2898.8
881,Fatehpur Sikri,Local,20-Nov-20,2700,3000,2885,2876.36
882,Fatehpur Sikri,Local,19-Nov-20,2750,2980,2860,2862.09
883,Fatehpur Sikri,Local,18-Nov-20,2750,2950,2875,2872.44
884,Fatehpur Sikri,Local,17-Nov-20,2750,2950,2865,2866.37
885,Fatehpur Sikri,Local,16-Nov-20,2800,2950,2890,2885.71
886,Fatehpur Sikri,Local,14-Nov-20,2800,2950,2875,2877.59
887,Fatehpur Sikri,Local,13-Nov-20,2700,3000,2850,2853.18
888,Fatehpur Sikri,Local,12-Nov-20,2700,2950,2815,2810.25
889,Fatehpur Sikri,Local,11-Nov-20,2650,2900,2780,2785.38
890,Fatehpur Sikri,Local,10-Nov-20,2650,2950,2800,2801.18
891,Fatehpur Sikri,Local,09-Nov-20,2650,2900,2765,2777.34
892,Fatehpur Sikri,Local,07-Nov-20,2550,2850,2700,2689.25
893,Fatehpur Sikri,Local,06-Nov-20,2500,2800,2665,2654.87
894,Fatehpur Sikri,Local,05-Nov-20,2650,2900,2780,2780.05
895,Fatehpur Sikri,Local,04-Nov-20,2700,2900,2795,2798.87
896,Fatehpur Sikri,Local,03-Nov-20,2700,2900,2810,2804.69
897,Fatehpur Sikri,Local,02-Nov-20,2680,2900,2780,2788.32
898,Fatehpur Sikri,Local,31-Oct-20,2620,2850,2745,2731.21
899,Fatehpur Sikri,Local,29-Oct-20,2600,2800,2685,2690.93
900,Fatehpur Sikri,Local,28-Oct-20,2600,2850,2700,2711.51
901,Fatehpur Sikri,Local,27-Oct-20,2570,2770,2670,2665.38
902,Fatehpur Sikri,Local,24-Oct-20,2520,2750,2620,2634.07
903,Fatehpur Sikri,Local,23-Oct-20,2470,2700,2570,2561.3
904,Fatehpur Sikri,Local,22-Oct-20,2445,2645,2545,2538.81
905,Fatehpur Sikri,Local,21-Oct-20,2400,2600,2500,2498.3
906,Fatehpur Sikri,Local,20-Oct-20,2365,2565,2465,2462.38
907,Fatehpur Sikri,Local,19-Oct-20,2325,2525,2425,2424.42
908,Fatehpur Sikri,Local,17-Oct-20,2350,2550,2455,2455.88
909,Fatehpur Sikri,Local,16-Oct-20,2400,2550,2470,2501.88
910,Fatehpur Sikri,Local,15-Oct-20,2320,2540,2440,2438.81
911,Fatehpur Sikri,Local,14-Oct-20,2300,2520,2415,2410.24
912,Fatehpur Sikri,Local,13-Oct-20,2300,2450,2390,2392.89
913,Fatehpur Sikri,Local,12-Oct-20,2320,2500,2410,2410.46
914,Fatehpur Sikri,Local,10-Oct-20,2320,2480,2400,2408.22
915,Fatehpur Sikri,Local,09-Oct-20,2340,2540,2495,2443.33
916,Fatehpur Sikri,Local,08-Oct-20,2325,2525,2425,2420.24
917,Fatehpur Sikri,Local,07-Oct-20,2340,2540,2440,2445.99
918,Fatehpur Sikri,Local,06-Oct-20,2320,2500,2410,2409.86
919,Fatehpur Sikri,Local,05-Oct-20,2350,2500,2425,2423.02
920,Fatehpur Sikri,Local,03-Oct-20,2320,2480,2405,2405.78
921,Fatehpur Sikri,Local,02-Oct-20,2350,2500,2420,2420.76
922,Fatehpur Sikri,Local,01-Oct-20,2320,2480,2400,2400.27
923,Fatehpur Sikri,Local,30-Sep-20,2320,2480,2405,2405.49
924,Fatehpur Sikri,Local,29-Sep-20,2350,2480,2420,2417.72
925,Fatehpur Sikri,Local,28-Sep-20,2340,2450,2390,2397.79
926,Fatehpur Sikri,Local,26-Sep-20,2300,2450,2370,2390.94
927,Fatehpur Sikri,Local,25-Sep-20,2300,2420,2350,2351.15
928,Fatehpur Sikri,Local,24-Sep-20,2300,2420,2365,2357.56
929,Fatehpur Sikri,Local,23-Sep-20,2260,2400,2340,2331.68
930,Fatehpur Sikri,Local,22-Sep-20,2260,2380,2320,2320.39
931,Fatehpur Sikri,Local,21-Sep-20,2270,2400,2345,2326.33
932,Fatehpur Sikri,Local,19-Sep-20,2220,2380,2300,2286.34
933,Fatehpur Sikri,Local,18-Sep-20,2200,2320,2280,2268.36
934,Fatehpur Sikri,Local,17-Sep-20,2250,2350,2300,2287.64
935,Fatehpur Sikri,Local,16-Sep-20,2200,2320,2250,2254.54
936,Fatehpur Sikri,Local,15-Sep-20,2200,2340,2270,2260.87
937,Fatehpur Sikri,Local,14-Sep-20,2200,2290,2245,2241.56
938,Fatehpur Sikri,Local,12-Sep-20,2150,2250,2200,2194.52
939,Fatehpur Sikri,Local,11-Sep-20,2100,2250,2170,2178.46
940,Fatehpur Sikri,Local,10-Sep-20,2150,2220,2185,2179.17
941,Fatehpur Sikri,Local,09-Sep-20,2100,2240,2160,2165.05
942,Fatehpur Sikri,Local,08-Sep-20,2100,2240,2170,2161.94
943,Fatehpur Sikri,Local,07-Sep-20,2070,2200,2145,2141.69
944,Fatehpur Sikri,Local,05-Sep-20,2120,2200,2165,2158.66
945,Fatehpur Sikri,Local,04-Sep-20,2060,2200,2135,2133.21
946,Fatehpur Sikri,Local,03-Sep-20,2020,2200,2110,2087.04
947,Fatehpur Sikri,Local,02-Sep-20,2060,2200,2140,2134.95
948,Fatehpur Sikri,Local,31-Aug-20,2100,2220,2150,2153.92
949,Fatehpur Sikri,Local,29-Aug-20,2040,2180,2100,2095.33
950,Fatehpur Sikri,Local,28-Aug-20,2000,2120,2060,2061.17
951,Fatehpur Sikri,Local,27-Aug-20,2000,2150,2075,2079.5
952,Fatehpur Sikri,Local,26-Aug-20,2000,2120,2055,2059.51
953,Fatehpur Sikri,Local,25-Aug-20,1940,2100,2020,2007.21
954,Fatehpur Sikri,Local,24-Aug-20,0,0,2045,2026.75
955,Fatehpur Sikri,Local,22-Aug-20,0,0,2010,2004.01
956,Fatehpur Sikri,Local,21-Aug-20,1900,2050,1970,1970.3
957,Fatehpur Sikri,Local,20-Aug-20,1880,2000,1945,1940.64
958,Fatehpur Sikri,Local,19-Aug-20,1900,2030,1960,1964.21
959,Fatehpur Sikri,Local,18-Aug-20,1830,2000,1925,1920.54
960,Fatehpur Sikri,Local,17-Aug-20,1880,2020,1950,1952.38
961,Fatehpur Sikri,Local,14-Aug-20,1900,2050,1970,1971.09
962,Fatehpur Sikri,Local,13-Aug-20,1850,2020,1945,1929.93
963,Fatehpur Sikri,Local,12-Aug-20,1830,2000,1920,1917.06
964,Fatehpur Sikri,Local,11-Aug-20,1850,2000,1940,1914.3
965,Fatehpur Sikri,Local,10-Aug-20,1820,1980,1910,1907.56
966,Fatehpur Sikri,Local,08-Aug-20,1800,1920,1880,1861.55
967,Fatehpur Sikri,Local,07-Aug-20,1820,1990,1900,1902.16
968,Fatehpur Sikri,Local,06-Aug-20,1780,1940,1865,1868.13
969,Fatehpur Sikri,Local,05-Aug-20,1800,1950,1885,1883.8
970,Fatehpur Sikri,Local,04-Aug-20,1800,1950,1875,1879.23
971,Fatehpur Sikri,Local,03-Aug-20,1800,1920,1860,1860.8
972,Fatehpur Sikri,Local,01-Aug-20,1800,1980,1895,1896.04
973,Fatehpur Sikri,Local,31-Jul-20,1840,2000,1930,1907.66
974,Fatehpur Sikri,Local,30-Jul-20,1810,1980,1905,1901.76
975,Fatehpur Sikri,Local,29-Jul-20,1800,2020,1920,1922.7
976,Fatehpur Sikri,Local,28-Jul-20,1870,1920,1890,1885.61
977,Fatehpur Sikri,Local,27-Jul-20,1800,1920,1865,1861.86
978,Fatehpur Sikri,Local,25-Jul-20,1800,1950,1880,1882.77
979,Fatehpur Sikri,Local,24-Jul-20,1780,1920,1850,1852.75
980,Fatehpur Sikri,Local,23-Jul-20,1800,1960,1875,1878.07
981,Fatehpur Sikri,Local,22-Jul-20,1820,1980,1900,1900.11
982,Fatehpur Sikri,Local,21-Jul-20,1800,1950,1885,1883.04
983,Fatehpur Sikri,Local,20-Jul-20,1760,1920,1850,1838.33
984,Fatehpur Sikri,Local,18-Jul-20,0,0,1820,1729.62
985,Fatehpur Sikri,Local,17-Jul-20,1680,1850,1780,1781.16
986,Fatehpur Sikri,Local,16-Jul-20,1700,1820,1765,1761.09
987,Fatehpur Sikri,Local,15-Jul-20,1720,1920,1800,1804.69
988,Fatehpur Sikri,Local,14-Jul-20,1660,1820,1750,1748.97
989,Fatehpur Sikri,Local,13-Jul-20,1700,1850,1780,1780.7
990,Fatehpur Sikri,Local,11-Jul-20,1700,1820,1745,1752.89
991,Fatehpur Sikri,Local,10-Jul-20,1650,1780,1715,1716.5
992,Fatehpur Sikri,Local,09-Jul-20,1600,1750,1680,1683.02
993,Fatehpur Sikri,Local,08-Jul-20,1560,1720,1645,1635.87
994,Fatehpur Sikri,Local,07-Jul-20,1500,1670,1590,1584.48
995,Fatehpur Sikri,Local,06-Jul-20,1500,1650,1575,1574.7
996,Fatehpur Sikri,Local,04-Jul-20,1550,1700,1610,1617.15
997,Fatehpur Sikri,Local,03-Jul-20,1500,1650,1580,1575
998,Fatehpur Sikri,Local,02-Jul-20,1470,1600,1545,1540.78
999,Fatehpur Sikri,Local,01-Jul-20,1440,1600,1525,1514.98
1000,Fatehpur Sikri,Local,30-Jun-20,1400,1550,1480,1481.03
1001,Fatehpur Sikri,Local,29-Jun-20,1420,1580,1510,1503.93
1002,Fatehpur Sikri,Local,27-Jun-20,1470,1620,1545,1541.15
1003,Fatehpur Sikri,Local,26-Jun-20,1450,1600,1525,1530.17
1004,Fatehpur Sikri,Local,25-Jun-20,1430,1590,1505,1513.8
1005,Fatehpur Sikri,Local,24-Jun-20,1460,1590,1520,1528
1006,Fatehpur Sikri,Local,23-Jun-20,1400,1540,1485,1480.76
1007,Fatehpur Sikri,Local,22-Jun-20,1370,1520,1445,1446.75
1008,Fatehpur Sikri,Local,20-Jun-20,1430,1570,1500,1496.58
1009,Fatehpur Sikri,Local,19-Jun-20,1380,1520,1465,1449.52
1010,Fatehpur Sikri,Local,18-Jun-20,1370,1520,1450,1438.07
1011,Fatehpur Sikri,Local,17-Jun-20,1400,1520,1465,1461.16
1012,Fatehpur Sikri,Local,16-Jun-20,1360,1520,1440,1439.02
1013,Fatehpur Sikri,Local,15-Jun-20,1320,1450,1380,1381.33
1014,Fatehpur Sikri,Local,13-Jun-20,0,0,1410,1495.2
1015,Fatehpur Sikri,Local,12-Jun-20,1340,1480,1405,1404.58
1016,Fatehpur Sikri,Local,11-Jun-20,1360,1500,1425,1426.95
1017,Fatehpur Sikri,Local,10-Jun-20,1320,1540,1415,1414.46
1018,Fatehpur Sikri,Local,09-Jun-20,1300,1450,1380,1382.33
1019,Fatehpur Sikri,Local,08-Jun-20,1300,1420,1365,1365.53
1020,Fatehpur Sikri,Local,05-Jun-20,1320,1450,1385,1386.36
1021,Fatehpur Sikri,Local,04-Jun-20,1380,1420,1405,1401.77
1022,Fatehpur Sikri,Local,03-Jun-20,1300,1450,1395,1389.64
1023,Fatehpur Sikri,Local,02-Jun-20,1340,1480,1410,1404.63
1024,Fatehpur Sikri,Local,01-Jun-20,1300,1450,1380,1382.89
1025,Fatehpur Sikri,Local,30-May-20,1350,1480,1410,1408.05
1026,Fatehpur Sikri,Local,29-May-20,1300,1450,1380,1380.81
1027,Fatehpur Sikri,Local,28-May-20,1340,1480,1400,1399.95
1028,Fatehpur Sikri,Local,27-May-20,1300,1420,1375,1369.14
1029,Fatehpur Sikri,Local,26-May-20,1300,1430,1365,1366.34
1030,Fatehpur Sikri,Local,25-May-20,1300,1420,1345,1364.6
1031,Fatehpur Sikri,Local,23-May-20,1300,1450,1380,1379.84
1032,Fatehpur Sikri,Local,22-May-20,1000,1090,1045,1043.95
1033,Fatehpur Sikri,Local,21-May-20,1380,1500,1440,1437.24
1034,Fatehpur Sikri,Local,20-May-20,1370,1490,1425,1429.22
1035,Fatehpur Sikri,Local,19-May-20,1340,1460,1400,1399.44
1036,Fatehpur Sikri,Local,18-May-20,1320,1450,1390,1382.26
1037,Fatehpur Sikri,Local,16-May-20,1350,1480,1415,1404.63
1038,Fatehpur Sikri,Local,15-May-20,1340,1480,1400,1400.68
1039,Fatehpur Sikri,Local,14-May-20,1280,1420,1365,1359.84
1040,Fatehpur Sikri,Local,13-May-20,1300,1420,1355,1355.38
1041,Fatehpur Sikri,Local,12-May-20,1800,1940,1870,1874.92
1042,Fatehpur Sikri,Local,11-May-20,1300,1420,1350,1352.71
1043,Fatehpur Sikri,Local,09-May-20,1320,1450,1385,1381.6
1044,Fatehpur Sikri,Local,08-May-20,1300,1450,1365,1371.96
1045,Fatehpur Sikri,Local,07-May-20,1340,1480,1400,1399.94
1046,Fatehpur Sikri,Local,06-May-20,1250,1400,1335,1334.26
1047,Fatehpur Sikri,Local,05-May-20,1300,1440,1360,1362.07
1048,Fatehpur Sikri,Local,04-May-20,1300,1450,1385,1380.37
1049,Fatehpur Sikri,Local,02-May-20,1340,1480,1400,1400.42
1050,Fatehpur Sikri,Local,01-May-20,1380,1500,1440,1437.52
1051,Fatehpur Sikri,Local,30-Apr-20,1350,1460,1400,1400.23
1052,Fatehpur Sikri,Local,29-Apr-20,1360,1480,1410,1409.56
1053,Fatehpur Sikri,Local,28-Apr-20,1320,1460,1380,1382.45
1054,Fatehpur Sikri,Local,27-Apr-20,1300,1450,1380,1380.25
1055,Fatehpur Sikri,Local,25-Apr-20,1320,1450,1390,1385.31
1056,Fatehpur Sikri,Local,24-Apr-20,1320,1450,1375,1378.94
1057,Fatehpur Sikri,Local,23-Apr-20,1300,1420,1355,1355.41
1058,Fatehpur Sikri,Local,22-Apr-20,1260,1400,1345,1341.67
1059,Fatehpur Sikri,Local,21-Apr-20,1240,1400,1320,1321.18
1060,Fatehpur Sikri,Local,20-Apr-20,1260,1400,1340,1338.19
1061,Fatehpur Sikri,Local,18-Apr-20,1260,1400,1325,1330.83
1062,Fatehpur Sikri,Local,17-Apr-20,1260,1420,1365,1355.37
1063,Fatehpur Sikri,Local,16-Apr-20,1260,1400,1345,1339.72
1064,Fatehpur Sikri,Local,15-Apr-20,1240,1400,1320,1318.61
1065,Fatehpur Sikri,Local,14-Apr-20,1300,1420,1355,1356.37
1066,Fatehpur Sikri,Local,13-Apr-20,1250,1420,1340,1342.23
1067,Fatehpur Sikri,Local,11-Apr-20,1240,1400,1310,1317.64
1068,Fatehpur Sikri,Local,10-Apr-20,1260,1400,1335,1335.93
1069,Fatehpur Sikri,Local,09-Apr-20,1260,1380,1320,1325.77
1070,Fatehpur Sikri,Local,08-Apr-20,1280,1400,1355,1347.85
1071,Fatehpur Sikri,Local,07-Apr-20,1280,1400,1340,1342.42
1072,Fatehpur Sikri,Local,06-Apr-20,1300,1420,1365,1361.42
1073,Fatehpur Sikri,Local,04-Apr-20,1300,1440,1380,1365.1
1074,Fatehpur Sikri,Local,03-Apr-20,1260,1450,1355,1353.26
1075,Fatehpur Sikri,Local,02-Apr-20,1300,1450,1370,1371.54
1076,Fatehpur Sikri,Local,01-Apr-20,1220,1450,1340,1340.67
1077,Fatehpur Sikri,Local,30-Mar-20,1160,1320,1245,1247.2
1078,Fatehpur Sikri,Local,21-Mar-20,1060,1220,1145,1147.48
1079,Fatehpur Sikri,Local,20-Mar-20,1020,1220,1100,1138.28
1080,Fatehpur Sikri,Local,19-Mar-20,1040,1240,1120,1155.66
1081,Fatehpur Sikri,Local,18-Mar-20,1060,1220,1145,1146.37
1082,Fatehpur Sikri,Local,16-Mar-20,1050,1200,1125,1125.78
1083,Fatehpur Sikri,Local,14-Mar-20,1050,1200,1140,1131.52
1084,Fatehpur Sikri,Local,13-Mar-20,1100,1250,1175,1176.26
1085,Fatehpur Sikri,Local,12-Mar-20,1040,1180,1100,1106.13
1086,Fatehpur Sikri,Local,11-Mar-20,1000,1150,1070,1078.6
1087,Fatehpur Sikri,Local,07-Mar-20,940,1050,1000,994.07
1088,Fatehpur Sikri,Local,06-Mar-20,900,1040,980,978.06
1089,Fatehpur Sikri,Local,05-Mar-20,880,1020,960,960.61
1090,Fatehpur Sikri,Local,04-Mar-20,900,1040,975,977.23
1091,Fatehpur Sikri,Local,03-Mar-20,880,1000,940,946.32
1092,Fatehpur Sikri,Local,02-Mar-20,830,980,905,900.99
1093,Fatehpur Sikri,Local,29-Feb-20,800,950,890,884.26
1094,Fatehpur Sikri,Local,28-Feb-20,800,940,880,879.39
1095,Fatehpur Sikri,Local,27-Feb-20,800,980,895,892.04
1096,Fatehpur Sikri,Local,26-Feb-20,800,950,865,872.45
1097,Fatehpur Sikri,Local,25-Feb-20,800,940,880,879.28
1098,Fatehpur Sikri,Local,24-Feb-20,800,970,890,887.53
1099,Fatehpur Sikri,Local,22-Feb-20,0,0,865,949.09
1100,Fatehpur Sikri,Local,21-Feb-20,0,0,900,959.27
1101,Fatehpur Sikri,Local,20-Feb-20,900,1040,950,977.54
1102,Fatehpur Sikri,Local,19-Feb-20,900,1050,975,971.87
1103,Fatehpur Sikri,Local,18-Feb-20,900,1050,965,971.26
1104,Fatehpur Sikri,Local,17-Feb-20,900,1050,980,977.38
1105,Fatehpur Sikri,Local,15-Feb-20,900,1040,970,972.94
1106,Fatehpur Sikri,Local,14-Feb-20,900,1020,950,968.97
1107,Fatehpur Sikri,Local,13-Feb-20,900,1050,980,983.23
1108,Fatehpur Sikri,Local,12-Feb-20,950,1100,1030,1003.83
1109,Fatehpur Sikri,Local,11-Feb-20,930,1080,1000,998.29
1110,Fatehpur Sikri,Local,10-Feb-20,900,1050,980,979.12
1111,Fatehpur Sikri,Local,08-Feb-20,0,0,1025,1021.63
1112,Fatehpur Sikri,Local,07-Feb-20,0,0,1010,1027.32
1113,Fatehpur Sikri,Local,06-Feb-20,0,0,1040,1615.53
1114,Fatehpur Sikri,Local,05-Feb-20,0,0,1025,1041.89
1115,Fatehpur Sikri,Local,03-Feb-20,1060,1240,1145,1147.8
1116,Fatehpur Sikri,Local,01-Feb-20,1100,1250,1175,1174.35
1117,Fatehpur Sikri,Local,30-Jan-20,1100,1260,1190,1188.49
1118,Fatehpur Sikri,Local,29-Jan-20,1100,1250,1170,1172.19
1119,Fatehpur Sikri,Local,28-Jan-20,1140,1300,1210,1209.01
1120,Fatehpur Sikri,Local,27-Jan-20,1150,1320,1200,1234.8
1121,Fatehpur Sikri,Local,25-Jan-20,1160,1300,1230,1227.87
1122,Fatehpur Sikri,Local,24-Jan-20,1160,1320,1250,1248.81
1123,Fatehpur Sikri,Local,22-Jan-20,0,0,1265,1254.59
1124,Fatehpur Sikri,Local,21-Jan-20,0,0,1250,1260.47
1125,Fatehpur Sikri,Local,20-Jan-20,1150,1350,1230,1257.2
1126,Fatehpur Sikri,Local,18-Jan-20,1180,1340,1265,1260.57
1127,Fatehpur Sikri,Local,17-Jan-20,1200,1340,1250,1256.36
1128,Fatehpur Sikri,Local,15-Jan-20,1200,1340,1260,1260.53
1129,Fatehpur Sikri,Local,14-Jan-20,0,0,1285,1340.88
1130,Fatehpur Sikri,Local,13-Jan-20,1220,1400,1310,1308.25
1131,Fatehpur Sikri,Local,11-Jan-20,0,0,1300,1456.46
1132,Fatehpur Sikri,Local,10-Jan-20,1250,1400,1325,1325.87
1133,Fatehpur Sikri,Local,09-Jan-20,1240,1400,1305,1314.76
1134,Fatehpur Sikri,Local,07-Jan-20,1260,1420,1340,1345.95
1135,Fatehpur Sikri,Local,06-Jan-20,1300,1500,1385,1390.06
1136,Fatehpur Sikri,Local,03-Jan-20,1370,1500,1435,1434.82
1137,Fatehpur Sikri,Local,02-Jan-20,1360,1500,1420,1423.14
1138,Fatehpur Sikri,Local,01-Jan-20,1400,1520,1455,1457.99
1139,Jagnair,Desi,31-Dec-20,750,850,800,801.28
1140,Jagnair,Desi,30-Dec-20,800,900,850,850
1141,Jagnair,Desi,29-Dec-20,800,860,830,826.12
1142,Jagnair,Desi,28-Dec-20,800,900,850,850
1143,Jagnair,Desi,27-Dec-20,800,900,850,850
1144,Jagnair,Desi,26-Dec-20,800,900,850,850
1145,Jagnair,Desi,25-Dec-20,800,900,850,850
1146,Jagnair,Desi,24-Dec-20,800,900,850,848.66
1147,Jagnair,Desi,23-Dec-20,650,750,700,698.3
1148,Jagnair,Desi,22-Dec-20,650,750,700,698.28
1149,Jagnair,Desi,21-Dec-20,600,800,700,697.98
1150,Jagnair,Desi,20-Dec-20,1200,1300,1250,1250
1151,Jagnair,Desi,19-Dec-20,1250,1350,1300,1297.46
1152,Jagnair,Desi,18-Dec-20,1350,1450,1400,1400.01
1153,Jagnair,Desi,17-Dec-20,1300,1400,1350,1350.17
1154,Jagnair,Desi,16-Dec-20,1600,1700,1650,1652.22
1155,Jagnair,Desi,15-Dec-20,1600,1800,1700,1701.49
1156,Jagnair,Desi,11-Dec-20,1700,1900,1800,1803.1
1157,Jagnair,Desi,08-Dec-20,1800,2000,1900,1902.51
1158,Jagnair,Desi,07-Dec-20,1850,2050,1950,1956.44
1159,Jagnair,Desi,06-Dec-20,1800,2000,1900,1901.98
1160,Jagnair,Desi,05-Dec-20,1800,2000,1900,1902.03
1161,Jagnair,Desi,04-Dec-20,1700,1900,1800,1803.34
1162,Jagnair,Desi,03-Dec-20,1800,2000,1900,1899.48
1163,Jagnair,Desi,02-Dec-20,2300,2400,2350,2350.02
1164,Jagnair,Desi,01-Dec-20,2200,2400,2300,2300.43
1165,Jagnair,Desi,30-Nov-20,2600,2700,2650,2650.6
1166,Jagnair,Desi,28-Nov-20,2500,2700,2600,2601.72
1167,Jagnair,Desi,27-Nov-20,2500,2700,2600,2601.27
1168,Jagnair,Desi,26-Nov-20,2500,2700,2600,2596
1169,Jagnair,Desi,25-Nov-20,3000,3200,3100,3057.16
1170,Jagnair,Desi,24-Nov-20,2500,2700,2600,2601.31
1171,Jagnair,Desi,19-Oct-20,1500,1550,1525,1525.16
1172,Jagnair,Desi,18-Oct-20,1550,1650,1600,1600.52
1173,Jagnair,Other,17-Oct-20,1550,1650,1600,1600.86
1174,Jagnair,Desi,16-Oct-20,1500,1600,1550,1550
1175,Jagnair,Desi,07-Oct-20,1500,1600,1550,1550
1176,Jagnair,Desi,06-Oct-20,1500,1600,1550,1550
1177,Jagnair,Desi,05-Oct-20,1470,1530,1500,1501.85
1178,Jagnair,Desi,04-Oct-20,1450,1500,1475,1479.89
1179,Jagnair,Desi,31-Aug-20,900,1000,950,950.05
1180,Jagnair,Desi,30-Jun-20,1300,1320,1310,1312.29
1181,Jagnair,Desi,29-Jun-20,1300,1330,1315,1312.39
1182,Jagnair,Desi,27-Jun-20,1300,1360,1330,1329.99
1183,Jagnair,Desi,26-Jun-20,1300,1360,1330,1329.99
1184,Jagnair,Desi,25-Jun-20,1300,1320,1310,1307.39
1185,Jagnair,Desi,24-Jun-20,1330,1350,1340,1334.36
1186,Jagnair,Desi,23-Jun-20,1300,1360,1330,1330.62
1187,Jagnair,Desi,22-Jun-20,1320,1360,1340,1338.42
1188,Jagnair,Desi,20-Jun-20,1250,1350,1300,1299.01
1189,Jagnair,Desi,19-Jun-20,1300,1380,1340,1337.8
1190,Jagnair,Desi,17-Jun-20,1320,1360,1340,1339.1
1191,Jagnair,Desi,16-Jun-20,1300,1360,1330,1331.97
1192,Jagnair,Desi,15-Jun-20,1300,1350,1325,1324.77
1193,Jagnair,Desi,12-Jun-20,1320,1360,1340,1339.75
1194,Jagnair,Desi,11-Jun-20,1200,1300,1250,1250
1195,Jagnair,Desi,10-Jun-20,1300,1340,1320,1319.59
1196,Jagnair,Desi,09-Jun-20,1280,1320,1300,1304.14
1197,Jagnair,Desi,08-Jun-20,1350,1400,1375,1376.37
1198,Jagnair,Desi,06-Jun-20,1320,1380,1350,1345.11
1199,Jagnair,Desi,05-Jun-20,1350,1400,1375,1376.53
1200,Jagnair,Desi,04-Jun-20,1310,1370,1340,1340.8
1201,Jagnair,Desi,03-Jun-20,1300,1340,1320,1319.59
1202,Jagnair,Desi,02-Jun-20,1300,1350,1325,1324.3
1203,Jagnair,Desi,01-Jun-20,1320,1360,1340,1340.9
1204,Jagnair,Desi,30-May-20,1380,1460,1420,1418.9
1205,Jagnair,Desi,29-May-20,1350,1450,1400,1400.51
1206,Jagnair,Desi,28-May-20,1400,1440,1420,1419.99
1207,Jagnair,Desi,26-May-20,1400,1440,1420,1420.28
1208,Jagnair,Desi,23-May-20,1400,1440,1420,1420.56
1209,Jagnair,Desi,22-May-20,1400,1450,1425,1423.26
1210,Jagnair,Desi,21-May-20,1400,1440,1420,1419.96
1211,Jagnair,Desi,19-May-20,1400,1500,1450,1450
1212,Jagnair,Desi,18-May-20,1400,1500,1450,1450
1213,Jagnair,Desi,15-May-20,1400,1440,1420,1421.62
1214,Jagnair,Desi,14-May-20,1400,1500,1450,1449.75
1215,Jagnair,Desi,13-May-20,1400,1500,1450,1450
1216,Jagnair,Desi,12-May-20,1400,1450,1425,1424.46
1217,Jagnair,Desi,11-May-20,1400,1450,1425,1423.79
1218,Jagnair,Desi,09-May-20,1400,1480,1440,1439.69
1219,Jagnair,Desi,08-May-20,1400,1500,1450,1450
1220,Jagnair,Desi,07-May-20,1400,1440,1420,1419.95
1221,Jagnair,Desi,06-May-20,1400,1500,1450,1450
1222,Jagnair,Desi,05-May-20,1350,1450,1400,1400
1223,Jagnair,Desi,02-May-20,1250,1350,1300,1300.05
1224,Jagnair,Desi,30-Apr-20,1350,1450,1400,1400
1225,Jagnair,Desi,29-Apr-20,1350,1450,1400,1400.04
1226,Jagnair,Desi,28-Apr-20,1350,1450,1400,1400
1227,Jagnair,Desi,27-Apr-20,1400,1440,1420,1421.08
1228,Jagnair,Desi,26-Apr-20,1400,1440,1420,1419.95
1229,Jagnair,Desi,25-Apr-20,950,1050,1000,999.45
1230,Jagnair,Desi,24-Apr-20,1350,1450,1400,1400
1231,Jagnair,Desi,23-Apr-20,1350,1450,1400,1400
1232,Jagnair,Desi,22-Apr-20,1350,1450,1400,1400
1233,Jagnair,Desi,21-Apr-20,1400,1450,1425,1425.13
1234,Jagnair,Desi,20-Apr-20,1400,1500,1450,1450
1235,Jagnair,Desi,18-Apr-20,1400,1500,1450,1450
1236,Jagnair,Desi,17-Apr-20,1350,1450,1400,1400
1237,Jagnair,Desi,16-Apr-20,1350,1450,1400,1400
1238,Jagnair,Desi,15-Apr-20,1350,1450,1400,1400
1239,Jagnair,Desi,14-Apr-20,1350,1450,1400,1400
1240,Jagnair,Desi,12-Apr-20,1300,1400,1350,1350
1241,Jagnair,Desi,11-Apr-20,1350,1450,1400,1400
1242,Jagnair,Desi,10-Apr-20,1300,1400,1350,1350
1243,Jagnair,Desi,09-Apr-20,1350,1450,1400,1400
1244,Jagnair,Desi,08-Apr-20,1200,1400,1300,1298.62
1245,Jagnair,Desi,07-Apr-20,1350,1450,1400,1400
1246,Jagnair,Desi,06-Apr-20,1300,1400,1350,1350.01
1247,Jagnair,Desi,05-Apr-20,1350,1450,1400,1400
1248,Jagnair,Desi,04-Apr-20,1300,1400,1350,1350
1249,Jagnair,Desi,03-Apr-20,1200,1300,1250,1250
1250,Jagnair,Desi,02-Apr-20,1350,1450,1400,1400.04
1251,Jagnair,Desi,01-Apr-20,1100,1200,1150,1150.08
1252,Jagnair,Desi,31-Mar-20,1350,1450,1400,1400
1253,Jagnair,Desi,30-Mar-20,1100,1200,1150,1149.96
1254,Jagnair,Desi,29-Mar-20,1050,1150,1100,1105.53
1255,Jagnair,Desi,28-Mar-20,900,1000,950,950.05
1256,Jagnair,Desi,27-Mar-20,950,1000,975,973.36
1257,Jagnair,Desi,26-Mar-20,1000,1100,1050,1049.98
1258,Jagnair,Desi,25-Mar-20,1000,1100,1050,1050
1259,Jagnair,Desi,21-Mar-20,950,1050,1000,998.89
1260,Jagnair,Desi,20-Mar-20,1000,1100,1050,1050
1261,Jagnair,Desi,19-Mar-20,1000,1060,1030,1024.12
1262,Jagnair,Desi,18-Mar-20,900,1000,950,950
1263,Jagnair,Desi,17-Mar-20,850,950,900,900.04
1264,Jagnair,Desi,16-Mar-20,800,900,850,850
1265,Jagnair,Desi,15-Mar-20,850,950,900,900.04
1266,Jagnair,Desi,13-Mar-20,900,1000,950,950
1267,Jagnair,Desi,12-Mar-20,900,1000,950,950
1268,Jagnair,Desi,11-Mar-20,900,1000,950,950
1269,Jagnair,Desi,09-Mar-20,860,940,900,899.46
1270,Jagnair,Desi,07-Mar-20,900,1000,950,950
1271,Jagnair,Desi,06-Mar-20,900,1000,950,950
1272,Jagnair,Desi,05-Mar-20,800,1000,900,897.56
1273,Jagnair,Desi,04-Mar-20,900,1000,950,950
1274,Jagnair,Desi,03-Mar-20,900,1000,950,950
1275,Jagnair,Desi,02-Mar-20,850,950,900,900.04
1276,Jagnair,Desi,29-Feb-20,900,1000,950,950
1277,Jagnair,Desi,28-Feb-20,1000,1080,1040,1040.3
1278,Jagnair,Desi,27-Feb-20,1000,1100,1050,1050
1279,Jagnair,Desi,26-Feb-20,1000,1100,1050,1050
1280,Jagnair,Desi,22-Feb-20,1100,1180,1140,1140
1281,Jagnair,Desi,21-Feb-20,1100,1180,1140,1140.02
1282,Jagnair,Desi,20-Feb-20,1100,1180,1140,1140.3
1283,Jagnair,Desi,19-Feb-20,1100,1180,1140,1140.02
1284,Jagnair,Desi,18-Feb-20,1100,1200,1150,1149.24
1285,Jagnair,Desi,17-Feb-20,1100,1200,1150,1149.31
1286,Jagnair,Desi,15-Feb-20,1120,1200,1180,1170.43
1287,Jagnair,Desi,14-Feb-20,1100,1140,1120,1120.53
1288,Jagnair,Desi,13-Feb-20,1100,1200,1150,1149.64
1289,Jagnair,Desi,12-Feb-20,1050,1100,1075,1060.59
1290,Jagnair,Desi,11-Feb-20,950,1050,1000,996.39
1291,Jagnair,Desi,10-Feb-20,900,1000,950,950
1292,Jagnair,Desi,09-Feb-20,1000,1080,1040,1040.17
1293,Jagnair,Desi,08-Feb-20,1000,1080,1040,1040.16
1294,Jagnair,Desi,07-Feb-20,1100,1150,1125,1122.63
1295,Jagnair,Desi,06-Feb-20,1000,1080,1040,1040.25
1296,Jagnair,Desi,05-Feb-20,1000,1050,1025,1025.11
1297,Jagnair,Desi,04-Feb-20,1000,1100,1050,1050
1298,Jagnair,Desi,03-Feb-20,1000,1100,1050,1050
1299,Jagnair,Desi,01-Feb-20,1180,1260,1220,1215.62
1300,Jagnair,Desi,31-Jan-20,1200,1250,1225,1224.29
1301,Jagnair,Desi,30-Jan-20,1120,1200,1160,1170.22
1302,Jagnair,Desi,29-Jan-20,1150,1210,1180,1178.75
1303,Jagnair,Desi,28-Jan-20,1220,1280,1250,1249.36
1304,Jagnair,Desi,27-Jan-20,1200,1250,1225,1224.16
1305,Jagnair,Desi,25-Jan-20,1150,1250,1200,1199.24
1306,Jagnair,Desi,24-Jan-20,1180,1220,1200,1199.8
1307,Jagnair,Desi,23-Jan-20,1200,1300,1250,1250
1308,Jagnair,Desi,22-Jan-20,1200,1260,1230,1229.21
1309,Jagnair,Desi,21-Jan-20,1150,1250,1200,1199.54
1310,Jagnair,Desi,18-Jan-20,1200,1260,1230,1229.1
1311,Jagnair,Desi,17-Jan-20,1200,1240,1220,1219.88
1312,Jagnair,Desi,16-Jan-20,1200,1300,1250,1250
1313,Jagnair,Desi,15-Jan-20,1200,1260,1230,1229.08
1314,Jagnair,Desi,14-Jan-20,1180,1340,1260,1259.73
1315,Jagnair,Desi,13-Jan-20,1150,1250,1200,1199.94
1316,Jagnair,Desi,11-Jan-20,1200,1300,1250,1249.98
1317,Jagnair,Desi,10-Jan-20,1200,1300,1250,1250
1318,Jagnair,Desi,09-Jan-20,1220,1340,1280,1270.08
1319,Jagnair,Desi,08-Jan-20,1240,1320,1280,1283.18
1320,Jagnair,Desi,06-Jan-20,1200,1300,1250,1250
1321,Jagnair,Desi,05-Jan-20,1250,1350,1300,1299.72
1322,Jagnair,Desi,04-Jan-20,1220,1280,1250,1252.06
1323,Jagnair,Desi,03-Jan-20,1250,1300,1275,1276.91
1324,Jagnair,Desi,02-Jan-20,1200,1400,1300,1280.4
1325,Jagnair,Desi,01-Jan-20,1250,1350,1300,1298.57
1326,Jarar,Desi,30-Oct-20,2550,2750,2650,2653.36
1327,Jarar,Desi,30-Jun-20,1100,1200,1150,1150
1328,Jarar,Desi,29-Jun-20,1100,1200,1150,1150
1329,Jarar,Desi,27-Jun-20,1100,1200,1150,1150
1330,Jarar,Desi,26-Jun-20,1100,1200,1150,1150
1331,Jarar,Desi,25-Jun-20,1110,1200,1150,1150.1
1332,Jarar,Desi,24-Jun-20,1100,1200,1150,1150
1333,Jarar,Desi,22-Jun-20,1100,1200,1150,1150
1334,Jarar,Desi,20-Jun-20,1100,1200,1150,1150
1335,Jarar,Desi,19-Jun-20,1100,1190,1140,1141.14
1336,Jarar,Desi,18-Jun-20,1100,1200,1150,1150.1
1337,Jarar,Desi,17-Jun-20,1100,1200,1150,1150
1338,Jarar,Desi,16-Jun-20,1100,1200,1150,1150
1339,Jarar,Desi,15-Jun-20,1100,1200,1150,1150
1340,Jarar,Desi,13-Jun-20,1100,1200,1150,1150
1341,Jarar,Desi,12-Jun-20,1100,1200,1150,1150
1342,Jarar,Desi,11-Jun-20,1200,1250,1220,1220.45
1343,Jarar,Desi,10-Jun-20,1100,1200,1150,1150
1344,Jarar,Desi,08-Jun-20,1100,1200,1150,1150
1345,Jarar,Desi,07-Jun-20,1100,1200,1150,1150
1346,Jarar,Desi,05-Jun-20,1100,1200,1150,1150
1347,Jarar,Desi,04-Jun-20,1100,1200,1150,1150.1
1348,Jarar,Desi,03-Jun-20,1100,1200,1150,1150
1349,Jarar,Desi,02-Jun-20,1110,1200,1150,1150
1350,Jarar,Desi,01-Jun-20,1120,1200,1160,1162.6
1351,Jarar,Desi,31-May-20,1100,1200,1150,1150
1352,Jarar,Desi,29-May-20,1100,1200,1150,1150
1353,Jarar,Desi,27-May-20,1100,1200,1150,1150
1354,Jarar,Desi,26-May-20,1100,1200,1150,1150
1355,Jarar,Desi,25-May-20,1100,1200,1150,1150
1356,Jarar,Desi,24-May-20,1100,1200,1150,1150
1357,Jarar,Desi,22-May-20,1100,1200,1150,1150
1358,Jarar,Desi,20-May-20,1100,1200,1150,1150
1359,Jarar,Desi,19-May-20,1100,1200,1150,1150
1360,Jarar,Desi,18-May-20,1100,1200,1150,1150
1361,Jarar,Desi,17-May-20,1400,1450,1420,1422.9
1362,Jarar,Desi,15-May-20,1100,1200,1150,1150
1363,Jarar,Desi,14-May-20,1100,1200,1150,1150.08
1364,Jarar,Desi,13-May-20,1100,1300,1200,1201.61
1365,Jarar,Desi,12-May-20,1200,1400,1300,1295.04
1366,Jarar,Desi,11-May-20,1250,1350,1300,1300.71
1367,Jarar,Desi,10-May-20,1250,1350,1300,1300.33
1368,Jarar,Desi,08-May-20,1250,1350,1300,1300.25
1369,Jarar,Desi,07-May-20,1250,1350,1300,1298.79
1370,Jarar,Desi,06-May-20,1250,1350,1300,1300.25
1371,Jarar,Desi,05-May-20,1250,1350,1300,1300.25
1372,Jarar,Desi,04-May-20,1300,1400,1350,1349.99
1373,Jarar,Desi,03-May-20,1310,1400,1360,1356.49
1374,Jarar,Desi,01-May-20,1310,1400,1350,1352.77
1375,Jarar,Desi,30-Apr-20,1300,1400,1350,1350.28
1376,Jarar,Desi,29-Apr-20,1300,1400,1350,1349.98
1377,Jarar,Desi,28-Apr-20,1300,1400,1350,1350
1378,Jarar,Desi,27-Apr-20,1300,1400,1350,1350
1379,Jarar,Desi,26-Apr-20,1300,1400,1350,1350.27
1380,Jarar,Desi,24-Apr-20,1300,1400,1350,1350
1381,Jarar,Desi,23-Apr-20,1300,1400,1350,1350
1382,Jarar,Desi,22-Apr-20,1300,1400,1350,1350
1383,Jarar,Desi,21-Apr-20,1300,1400,1350,1350
1384,Jarar,Desi,20-Apr-20,1300,1400,1350,1350
1385,Jarar,Desi,19-Apr-20,1300,1400,1350,1350
1386,Jarar,Desi,17-Apr-20,1300,1400,1350,1350
1387,Jarar,Desi,16-Apr-20,1300,1400,1350,1350.27
1388,Jarar,Desi,15-Apr-20,1300,1400,1350,1350
1389,Jarar,Desi,14-Apr-20,1300,1400,1350,1350
1390,Jarar,Desi,13-Apr-20,900,1000,950,950.05
1391,Jarar,Desi,12-Apr-20,820,920,870,873.07
1392,Jarar,Desi,10-Apr-20,900,1000,950,950.05
1393,Jarar,Desi,09-Apr-20,900,1000,950,950
1394,Jarar,Desi,08-Apr-20,800,900,850,848.62
1395,Jarar,Desi,07-Apr-20,810,910,860,858.24
1396,Jarar,Desi,06-Apr-20,810,910,860,858.14
1397,Jarar,Desi,05-Apr-20,800,900,850,847.96
1398,Jarar,Desi,03-Apr-20,1100,1200,1150,1150.05
1399,Jarar,Desi,02-Apr-20,1100,1200,1150,1149.98
1400,Jarar,Desi,01-Apr-20,1150,1200,1180,1178.84
1401,Jarar,Desi,31-Mar-20,1100,1200,1150,1150.06
1402,Jarar,Desi,30-Mar-20,850,950,900,900
1403,Jarar,Desi,29-Mar-20,850,950,900,900
1404,Jarar,Desi,20-Mar-20,800,900,850,849.12
1405,Jarar,Desi,19-Mar-20,800,900,850,849.46
1406,Jarar,Desi,18-Mar-20,800,880,840,838.94
1407,Jarar,Desi,17-Mar-20,800,900,850,850
1408,Jarar,Desi,16-Mar-20,850,950,900,900
1409,Jarar,Desi,15-Mar-20,850,950,900,900
1410,Jarar,Desi,13-Mar-20,900,1000,950,950
1411,Jarar,Desi,12-Mar-20,900,1000,950,950
1412,Jarar,Desi,11-Mar-20,900,1000,950,950
1413,Jarar,Desi,10-Mar-20,900,1000,950,950
1414,Jarar,Desi,09-Mar-20,900,1000,950,950
1415,Jarar,Desi,08-Mar-20,900,1000,950,950
1416,Jarar,Desi,06-Mar-20,900,1000,950,950
1417,Jarar,Desi,05-Mar-20,900,1000,950,950
1418,Jarar,Desi,04-Mar-20,900,1000,950,950
1419,Jarar,Desi,03-Mar-20,900,1000,950,950
1420,Jarar,Desi,02-Mar-20,900,1000,950,950
1421,Jarar,Desi,01-Mar-20,800,900,850,849.88
1422,Jarar,Desi,28-Feb-20,700,780,740,736.7
1423,Jarar,Desi,27-Feb-20,700,800,750,750.64
1424,Jarar,Desi,26-Feb-20,700,780,740,737.38
1425,Jarar,Desi,25-Feb-20,700,800,750,749.62
1426,Jarar,Desi,24-Feb-20,700,800,750,749.88
1427,Jarar,Desi,23-Feb-20,700,800,750,749.88
1428,Jarar,Desi,21-Feb-20,700,800,750,749.9
1429,Jarar,Desi,20-Feb-20,700,800,750,750.7
1430,Jarar,Desi,19-Feb-20,650,730,690,691.64
1431,Jarar,Desi,18-Feb-20,650,730,700,695.48
1432,Jarar,Desi,17-Feb-20,640,720,680,684.58
1433,Jarar,Desi,16-Feb-20,640,740,690,690.14
1434,Jarar,Desi,14-Feb-20,680,760,720,720.14
1435,Jarar,Desi,13-Feb-20,670,770,720,720.92
1436,Jarar,Desi,12-Feb-20,710,800,750,751.58
1437,Jarar,Desi,11-Feb-20,710,810,760,757.32
1438,Jarar,Desi,10-Feb-20,700,800,750,750.22
1439,Jarar,Desi,09-Feb-20,680,780,730,732.04
1440,Jarar,Desi,07-Feb-20,670,770,720,721.54
1441,Jarar,Desi,06-Feb-20,680,770,720,724.38
1442,Jarar,Desi,05-Feb-20,720,820,770,769.4
1443,Jarar,Desi,04-Feb-20,720,820,770,769.74
1444,Jarar,Desi,03-Feb-20,600,700,650,655.14
1445,Jarar,Desi,02-Feb-20,600,700,650,655
1446,Jarar,Desi,31-Jan-20,760,840,800,802.04
1447,Jarar,Desi,30-Jan-20,760,840,800,802.72
1448,Jarar,Desi,29-Jan-20,760,860,810,808.32
1449,Jarar,Desi,28-Jan-20,760,840,800,804.06
1450,Jarar,Desi,27-Jan-20,760,860,810,808.9
1451,Jarar,Desi,26-Jan-20,760,860,810,808
1452,Jarar,Desi,24-Jan-20,850,950,900,900.02
1453,Jarar,Desi,23-Jan-20,1000,1200,1100,1099.64
1454,Jarar,Desi,22-Jan-20,1200,1280,1240,1240.04
1455,Jarar,Desi,21-Jan-20,1200,1300,1250,1249.72
1456,Jarar,Desi,20-Jan-20,1200,1300,1250,1249.8
1457,Jarar,Desi,19-Jan-20,1000,1100,1050,1050
1458,Jarar,Desi,17-Jan-20,1200,1280,1240,1240.2
1459,Jarar,Desi,16-Jan-20,1200,1280,1240,1242.9
1460,Jarar,Desi,15-Jan-20,1200,1280,1240,1240.22
1461,Jarar,Desi,14-Jan-20,1200,1280,1240,1240.32
1462,Jarar,Desi,13-Jan-20,1200,1280,1240,1240.38
1463,Jarar,Desi,12-Jan-20,1200,1300,1250,1249.98
1464,Jarar,Desi,10-Jan-20,1200,1300,1250,1250
1465,Jarar,Desi,09-Jan-20,1180,1250,1200,1200.8
1466,Jarar,Desi,07-Jan-20,1200,1280,1240,1242.38
1467,Jarar,Desi,06-Jan-20,1180,1250,1200,1201.62
1468,Jarar,Desi,05-Jan-20,1200,1300,1250,1250
1469,Jarar,Desi,03-Jan-20,1200,1280,1240,1243.7
1470,Jarar,Desi,02-Jan-20,1200,1300,1250,1250
1471,Jarar,Desi,01-Jan-20,1200,1300,1250,1250
1472,Khairagarh,Desi,31-Dec-20,1100,1200,1150,1149.9
1473,Khairagarh,Desi,30-Dec-20,1100,1200,1150,1148.42
1474,Khairagarh,Desi,29-Dec-20,1500,1600,1550,1550
1475,Khairagarh,Desi,28-Dec-20,1500,1600,1550,1550
1476,Khairagarh,Desi,27-Dec-20,1500,1600,1550,1550
1477,Khairagarh,Desi,26-Dec-20,1500,1600,1550,1550
1478,Khairagarh,Desi,25-Dec-20,1500,1600,1550,1550
1479,Khairagarh,Desi,24-Dec-20,1500,1600,1550,1549.8
1480,Khairagarh,Desi,23-Dec-20,1500,1600,1550,1550
1481,Khairagarh,Desi,22-Dec-20,1100,1200,1150,1149.28
1482,Khairagarh,Desi,21-Dec-20,1100,1200,1150,1149.28
1483,Khairagarh,Desi,20-Dec-20,1500,1600,1550,1550
1484,Khairagarh,Desi,19-Dec-20,1500,1600,1550,1550
1485,Khairagarh,Desi,18-Dec-20,1500,1600,1550,1550
1486,Khairagarh,Desi,17-Dec-20,1500,1600,1550,1549.8
1487,Khairagarh,Desi,16-Dec-20,1500,1600,1550,1550
1488,Khairagarh,Desi,14-Dec-20,1500,1600,1550,1550
1489,Khairagarh,Desi,13-Dec-20,1500,1600,1550,1550
1490,Khairagarh,Desi,12-Dec-20,1500,1600,1550,1550
1491,Khairagarh,Desi,11-Dec-20,1600,1800,1700,1701.19
1492,Khairagarh,Desi,10-Dec-20,1900,2000,1950,1947.84
1493,Khairagarh,Desi,09-Dec-20,1900,2000,1950,1949.96
1494,Khairagarh,Desi,08-Dec-20,1900,2000,1950,1949.96
1495,Khairagarh,Desi,07-Dec-20,1900,2000,1950,1949.96
1496,Khairagarh,Desi,06-Dec-20,1900,2000,1950,1949.96
1497,Khairagarh,Desi,05-Dec-20,1900,2000,1950,1949.98
1498,Khairagarh,Desi,04-Dec-20,1900,2000,1950,1949.98
1499,Khairagarh,Desi,03-Dec-20,2700,2900,2800,2800.7
1500,Khairagarh,Desi,02-Dec-20,2800,2900,2850,2855.26
1501,Khairagarh,Desi,01-Dec-20,2900,3000,2950,2943.47
1502,Khairagarh,Desi,30-Nov-20,2800,3000,2900,2900.97
1503,Khairagarh,Desi,29-Nov-20,2800,3000,2900,2900.47
1504,Khairagarh,Desi,24-Nov-20,2800,3000,2900,2901
1505,Khairagarh,Desi,07-Jul-20,1100,1200,1150,1150
1506,Khairagarh,Desi,06-Jul-20,1000,1100,1050,1050.03
1507,Khairagarh,Desi,04-Jul-20,1100,1200,1150,1150
1508,Khairagarh,Desi,30-Jun-20,1000,1100,1050,1050
1509,Khairagarh,Desi,29-Jun-20,1000,1100,1050,1050
1510,Khairagarh,Desi,28-Jun-20,1100,1200,1150,1150
1511,Khairagarh,Desi,27-Jun-20,1000,1100,1050,1050
1512,Khairagarh,Desi,26-Jun-20,1000,1100,1050,1050
1513,Khairagarh,Desi,25-Jun-20,1000,1100,1050,1050
1514,Khairagarh,Desi,24-Jun-20,1000,1100,1050,1050
1515,Khairagarh,Desi,23-Jun-20,1000,1100,1050,1050
1516,Khairagarh,Desi,19-Jun-20,1000,1100,1050,1050
1517,Khairagarh,Desi,18-Jun-20,1000,1100,1050,1050
1518,Khairagarh,Desi,17-Jun-20,1100,1200,1150,1150
1519,Khairagarh,Desi,16-Jun-20,1100,1200,1150,1150
1520,Khairagarh,Desi,15-Jun-20,1000,1100,1050,1050
1521,Khairagarh,Desi,14-Jun-20,1000,1100,1050,1050
1522,Khairagarh,Desi,13-Jun-20,1200,1300,1250,1250
1523,Khairagarh,Desi,12-Jun-20,1000,1100,1050,1050
1524,Khairagarh,Desi,11-Jun-20,1100,1200,1150,1150.1
1525,Khairagarh,Desi,10-Jun-20,1100,1200,1150,1150
1526,Khairagarh,Desi,09-Jun-20,1100,1200,1150,1150
1527,Khairagarh,Desi,08-Jun-20,1200,1300,1250,1250
1528,Khairagarh,Desi,07-Jun-20,1100,1200,1150,1150
1529,Khairagarh,Desi,05-Jun-20,1100,1200,1150,1150
1530,Khairagarh,Desi,04-Jun-20,1100,1200,1150,1150.1
1531,Khairagarh,Desi,03-Jun-20,1100,1200,1150,1150
1532,Khairagarh,Desi,02-Jun-20,1200,1300,1250,1250
1533,Khairagarh,Desi,01-Jun-20,1100,1200,1150,1150
1534,Khairagarh,Desi,31-May-20,1100,1200,1150,1150
1535,Khairagarh,Desi,30-May-20,1100,1200,1150,1150
1536,Khairagarh,Desi,29-May-20,1100,1200,1150,1150
1537,Khairagarh,Desi,27-May-20,1100,1200,1150,1150
1538,Khairagarh,Desi,26-May-20,1000,1100,1050,1050
1539,Khairagarh,Desi,25-May-20,1200,1300,1250,1250
1540,Khairagarh,Desi,24-May-20,1100,1200,1150,1150
1541,Khairagarh,Desi,22-May-20,1100,1200,1150,1150
1542,Khairagarh,Desi,21-May-20,1200,1300,1250,1250
1543,Khairagarh,Desi,20-May-20,1100,1200,1150,1150
1544,Khairagarh,Desi,19-May-20,1100,1200,1150,1150
1545,Khairagarh,Desi,18-May-20,1200,1300,1250,1250
1546,Khairagarh,Desi,17-May-20,1400,1500,1450,1450
1547,Khairagarh,Desi,13-May-20,1300,1400,1350,1350.82
1548,Khairagarh,Desi,12-May-20,1400,1500,1450,1450
1549,Khairagarh,Desi,11-May-20,1400,1500,1450,1450
1550,Khairagarh,Desi,10-May-20,1400,1500,1450,1450
1551,Khairagarh,Desi,09-May-20,1400,1500,1450,1450
1552,Khairagarh,Desi,08-May-20,1300,1400,1350,1350.08
1553,Khairagarh,Desi,07-May-20,1400,1500,1450,1449.82
1554,Khairagarh,Desi,06-May-20,1400,1500,1450,1450
1555,Khairagarh,Desi,05-May-20,1400,1500,1450,1450
1556,Khairagarh,Desi,04-May-20,1400,1500,1450,1450
1557,Khairagarh,Desi,03-May-20,1400,1500,1450,1450
1558,Khairagarh,Desi,02-May-20,1400,1500,1450,1450
1559,Khairagarh,Desi,01-May-20,1400,1500,1450,1450
1560,Khairagarh,Desi,30-Apr-20,1400,1500,1450,1449.64
1561,Khairagarh,Desi,29-Apr-20,1400,1500,1450,1450
1562,Khairagarh,Desi,28-Apr-20,1400,1500,1450,1450
1563,Khairagarh,Desi,27-Apr-20,1400,1500,1450,1450
1564,Khairagarh,Desi,25-Apr-20,1450,1550,1500,1500.09
1565,Khairagarh,Desi,22-Apr-20,1400,1500,1450,1450
1566,Khairagarh,Desi,21-Apr-20,1400,1500,1450,1450
1567,Khairagarh,Desi,20-Apr-20,1400,1500,1450,1450
1568,Khairagarh,Desi,19-Apr-20,1400,1500,1450,1450
1569,Khairagarh,Desi,18-Apr-20,1400,1500,1450,1450
1570,Khairagarh,Desi,14-Apr-20,1400,1500,1450,1450
1571,Khairagarh,Desi,13-Apr-20,1000,1100,1050,1050
1572,Khairagarh,Desi,12-Apr-20,1000,1100,1050,1050
1573,Khairagarh,Desi,11-Apr-20,1000,1100,1050,1050
1574,Khairagarh,Desi,10-Apr-20,1000,1100,1050,1050
1575,Khairagarh,Desi,09-Apr-20,1000,1100,1050,1050
1576,Khairagarh,Desi,08-Apr-20,1000,1100,1050,1050
1577,Khairagarh,Desi,07-Apr-20,1000,1100,1050,1050
1578,Khairagarh,Desi,06-Apr-20,1000,1100,1050,1050
1579,Khairagarh,Desi,05-Apr-20,850,950,900,900
1580,Khairagarh,Desi,04-Apr-20,1000,1100,1050,1050
1581,Khairagarh,Desi,03-Apr-20,1000,1100,1050,1050
1582,Khairagarh,Desi,02-Apr-20,1000,1100,1050,1050
1583,Khairagarh,Desi,01-Apr-20,1000,1100,1050,1050
1584,Khairagarh,Desi,31-Mar-20,1000,1100,1050,1050
1585,Khairagarh,Desi,29-Mar-20,1000,1100,1050,1050
1586,Khairagarh,Desi,27-Mar-20,1000,1100,1050,1050
1587,Khairagarh,Desi,26-Mar-20,1000,1100,1050,1049.98
1588,Khairagarh,Desi,25-Mar-20,1000,1100,1050,1050
1589,Khairagarh,Desi,24-Mar-20,900,1000,950,950
1590,Khairagarh,Desi,21-Mar-20,850,950,900,900
1591,Khairagarh,Desi,20-Mar-20,900,1000,950,950
1592,Khairagarh,Desi,19-Mar-20,900,1000,950,950
1593,Khairagarh,Desi,18-Mar-20,800,900,850,849.74
1594,Khairagarh,Desi,17-Mar-20,1000,1100,1050,1050
1595,Khairagarh,Desi,16-Mar-20,900,1000,950,950
1596,Khairagarh,Desi,15-Mar-20,850,950,900,900
1597,Khairagarh,Desi,13-Mar-20,900,1000,950,950
1598,Khairagarh,Desi,12-Mar-20,900,1000,950,950
1599,Khairagarh,Desi,08-Mar-20,800,900,850,850
1600,Khairagarh,Desi,07-Mar-20,900,1000,950,950
1601,Khairagarh,Desi,06-Mar-20,800,900,850,850
1602,Khairagarh,Desi,05-Mar-20,800,900,850,849.58
1603,Khairagarh,Desi,04-Mar-20,1000,1100,1050,1050
1604,Khairagarh,Desi,03-Mar-20,850,950,900,900
1605,Khairagarh,Desi,02-Mar-20,900,1000,950,950
1606,Khairagarh,Desi,01-Mar-20,900,1000,950,950
1607,Khairagarh,Desi,29-Feb-20,900,1000,950,950
1608,Khairagarh,Desi,28-Feb-20,1000,1100,1050,1050
1609,Khairagarh,Desi,27-Feb-20,900,1000,950,950
1610,Khairagarh,Desi,26-Feb-20,800,900,850,848.66
1611,Khairagarh,Desi,25-Feb-20,900,1000,950,950
1612,Khairagarh,Desi,24-Feb-20,900,1000,950,950
1613,Khairagarh,Desi,23-Feb-20,900,1000,950,950
1614,Khairagarh,Desi,22-Feb-20,800,900,850,843.76
1615,Khairagarh,Desi,21-Feb-20,900,1000,950,950
1616,Khairagarh,Desi,20-Feb-20,1000,1100,1050,1050
1617,Khairagarh,Desi,19-Feb-20,900,1000,950,950
1618,Khairagarh,Desi,18-Feb-20,900,1000,950,950
1619,Khairagarh,Desi,16-Feb-20,900,1000,950,950
1620,Khairagarh,Desi,14-Feb-20,900,1000,950,950
1621,Khairagarh,Desi,13-Feb-20,900,1000,950,950
1622,Khairagarh,Desi,12-Feb-20,900,1000,950,950
1623,Khairagarh,Desi,11-Feb-20,900,1000,950,950
1624,Khairagarh,Desi,10-Feb-20,900,1000,950,950
1625,Khairagarh,Desi,09-Feb-20,900,1000,950,950
1626,Khairagarh,Desi,08-Feb-20,900,1000,950,950
1627,Khairagarh,Desi,07-Feb-20,850,950,900,900.1
1628,Khairagarh,Desi,05-Feb-20,900,1000,950,950
1629,Khairagarh,Desi,04-Feb-20,900,1000,950,950
1630,Khairagarh,Desi,03-Feb-20,850,950,900,900.06
1631,Khairagarh,Desi,31-Jan-20,850,950,900,900.02
1632,Khairagarh,Desi,30-Jan-20,900,1000,950,950
1633,Khairagarh,Desi,29-Jan-20,900,1000,950,950
1634,Khairagarh,Desi,28-Jan-20,900,1000,950,950
1635,Khairagarh,Desi,27-Jan-20,900,1000,950,950
1636,Khairagarh,Desi,25-Jan-20,1000,1100,1050,1050
1637,Khairagarh,Desi,24-Jan-20,1000,1100,1050,1050
1638,Khairagarh,Desi,23-Jan-20,1000,1100,1050,1050
1639,Khairagarh,Desi,22-Jan-20,1000,1100,1050,1050
1640,Khairagarh,Desi,21-Jan-20,1000,1100,1050,1050
1641,Khairagarh,Desi,20-Jan-20,1000,1100,1050,1050
1642,Khairagarh,Desi,18-Jan-20,1000,1100,1050,1050
1643,Khairagarh,Desi,17-Jan-20,950,1050,1000,997.81
1644,Khairagarh,Desi,16-Jan-20,1000,1100,1050,1050
1645,Khairagarh,Desi,15-Jan-20,1000,1100,1050,1050
1646,Khairagarh,Desi,13-Jan-20,1000,1100,1050,1050
1647,Khairagarh,Desi,12-Jan-20,1000,1100,1050,1050
1648,Khairagarh,Desi,11-Jan-20,1000,1100,1050,1050
1649,Khairagarh,Desi,10-Jan-20,1000,1100,1050,1050
1650,Khairagarh,Desi,09-Jan-20,1000,1100,1050,1050
1651,Khairagarh,Desi,08-Jan-20,1000,1100,1050,1050
1652,Khairagarh,Desi,07-Jan-20,1000,1100,1050,1050
1653,Khairagarh,Desi,06-Jan-20,1100,1200,1150,1149.7
1654,Khairagarh,Desi,05-Jan-20,1100,1200,1150,1149.6
1655,Khairagarh,Desi,04-Jan-20,1000,1200,1100,1102.82
1656,Khairagarh,Desi,03-Jan-20,1100,1200,1150,1149.9
1657,Khairagarh,Desi,02-Jan-20,1200,1300,1250,1250
1658,Khairagarh,Desi,01-Jan-20,1200,1300,1250,1250
1659,Samsabad,Local,31-Oct-20,2700,2800,2750,2738.11
1660,Samsabad,Local,28-Aug-20,1950,2050,2000,1997.55
1661,Samsabad,Local,07-Jul-20,1400,1600,1500,1501.23
1662,Samsabad,Local,06-Jul-20,1300,1500,1400,1400.55
1663,Samsabad,Local,05-Jul-20,1100,1300,1200,1200.02
1664,Samsabad,Local,04-Jul-20,1100,1300,1200,1200.02
1665,Samsabad,Local,03-Jul-20,1100,1300,1200,1200
1666,Samsabad,Local,01-Jul-20,1100,1300,1200,1200
1667,Samsabad,Local,30-Jun-20,1100,1300,1200,1200
1668,Samsabad,Local,29-Jun-20,1100,1300,1200,1200
1669,Samsabad,Local,28-Jun-20,1100,1300,1200,1200
1670,Samsabad,Local,27-Jun-20,1100,1300,1200,1200
1671,Samsabad,Local,26-Jun-20,1100,1300,1200,1200
1672,Samsabad,Local,25-Jun-20,1100,1300,1200,1199.48
1673,Samsabad,Local,24-Jun-20,1100,1300,1200,1200
1674,Samsabad,Local,23-Jun-20,1100,1300,1200,1200
1675,Samsabad,Local,20-Jun-20,1100,1300,1200,1200
1676,Samsabad,Local,18-Jun-20,1100,1300,1200,1199.68
1677,Samsabad,Local,17-Jun-20,1100,1400,1200,1203.16
1678,Samsabad,Local,16-Jun-20,1000,1400,1200,1206.7
1679,Samsabad,Local,15-Jun-20,1100,1400,1200,1205.54
1680,Samsabad,Local,14-Jun-20,1100,1400,1200,1209.54
1681,Samsabad,Local,13-Jun-20,1100,1300,1200,1200
1682,Samsabad,Local,11-Jun-20,1100,1300,1200,1200
1683,Samsabad,Local,10-Jun-20,1100,1300,1200,1200
1684,Samsabad,Local,09-Jun-20,1100,1300,1200,1200
1685,Samsabad,Local,08-Jun-20,1100,1300,1200,1200
1686,Samsabad,Local,07-Jun-20,1000,1300,1200,1199.77
1687,Samsabad,Local,06-Jun-20,1000,1200,1200,1198.83
1688,Samsabad,Local,03-Jun-20,1000,1200,1200,1199.04
1689,Samsabad,Local,02-Jun-20,1000,1300,1200,1200
1690,Samsabad,Local,01-Jun-20,1000,1300,1200,1200
1691,Samsabad,Local,31-May-20,1000,1200,1200,1199.04
1692,Samsabad,Local,30-May-20,1000,1200,1200,1199.04
1693,Samsabad,Local,29-May-20,1000,1200,1200,1198.88
1694,Samsabad,Local,28-May-20,1000,1200,1200,1158.36
1695,Samsabad,Local,27-May-20,1000,1300,1200,1200
1696,Samsabad,Local,26-May-20,1000,1300,1200,1200
1697,Samsabad,Local,24-May-20,1000,1300,1200,1200
1698,Samsabad,Local,23-May-20,1100,1300,1200,1200
1699,Samsabad,Local,22-May-20,1000,1300,1200,1200
1700,Samsabad,Local,21-May-20,1000,1300,1200,1193.2
1701,Samsabad,Local,20-May-20,1000,1300,1200,1200
1702,Samsabad,Local,19-May-20,1000,1200,1200,1195.92
1703,Samsabad,Local,18-May-20,1000,1300,1200,1200
1704,Samsabad,Local,17-May-20,1000,1200,1200,1194.92
1705,Samsabad,Local,16-May-20,1000,1300,1200,1200
1706,Samsabad,Local,15-May-20,1100,1300,1200,1200
1707,Samsabad,Local,14-May-20,1000,1300,1200,1193.6
1708,Samsabad,Local,13-May-20,1100,1300,1200,1200
1709,Samsabad,Local,12-May-20,1000,1400,1200,1254.1
1710,Samsabad,Local,11-May-20,1100,1300,1200,1200
1711,Samsabad,Local,10-May-20,1850,1950,1925,1912.23
1712,Samsabad,Local,09-May-20,1200,1500,1400,1393.24
1713,Samsabad,Local,08-May-20,1300,1500,1400,1400.02
1714,Samsabad,Local,07-May-20,1300,1500,1400,1398.23
1715,Samsabad,Local,06-May-20,1300,1500,1400,1400.01
1716,Samsabad,Local,05-May-20,1200,1500,1400,1397.35
1717,Samsabad,Local,04-May-20,1200,1400,1400,1397.3
1718,Samsabad,Local,03-May-20,1300,1500,1400,1400
1719,Samsabad,Local,02-May-20,1200,1400,1400,1398.3
1720,Samsabad,Local,01-May-20,1200,1400,1400,1398.3
1721,Samsabad,Local,30-Apr-20,1200,1400,1400,1394.2
1722,Samsabad,Local,29-Apr-20,1200,1500,1400,1399.35
1723,Samsabad,Local,28-Apr-20,1000,1400,1400,1337.94
1724,Samsabad,Local,27-Apr-20,1300,1500,1400,1399.76
1725,Samsabad,Local,26-Apr-20,1300,1500,1400,1398.71
1726,Samsabad,Local,25-Apr-20,1200,1500,1400,1399.32
1727,Samsabad,Local,24-Apr-20,1000,1300,1200,1200
1728,Samsabad,Local,23-Apr-20,1000,1300,1200,1200
1729,Samsabad,Local,22-Apr-20,1000,1300,1200,1200
1730,Samsabad,Local,21-Apr-20,1000,1300,1200,1200
1731,Samsabad,Local,20-Apr-20,1000,1300,1200,1200
1732,Samsabad,Local,19-Apr-20,1000,1300,1200,1200
1733,Samsabad,Local,18-Apr-20,1000,1300,1200,1199.8
1734,Samsabad,Local,17-Apr-20,1000,1300,1200,1199.69
1735,Samsabad,Local,16-Apr-20,1100,1300,1200,1199.98
1736,Samsabad,Local,15-Apr-20,1000,1300,1200,1199.69
1737,Samsabad,Local,14-Apr-20,1100,1300,1200,1200
1738,Samsabad,Local,13-Apr-20,1100,1300,1200,1200
1739,Samsabad,Local,12-Apr-20,1100,1300,1200,1200
1740,Samsabad,Local,11-Apr-20,1100,1300,1200,1200
1741,Samsabad,Local,10-Apr-20,1100,1300,1200,1200
1742,Samsabad,Local,09-Apr-20,1100,1300,1200,1199.98
1743,Samsabad,Local,08-Apr-20,1100,1300,1200,1200
1744,Samsabad,Local,07-Apr-20,1000,1300,1200,1198.87
1745,Samsabad,Local,06-Apr-20,1100,1300,1200,1200
1746,Samsabad,Local,05-Apr-20,1000,1300,1200,1198.45
1747,Samsabad,Local,04-Apr-20,1100,1300,1200,1200.11
1748,Samsabad,Local,03-Apr-20,1000,1300,1200,1198.04
1749,Samsabad,Local,02-Apr-20,1000,1300,1200,1193.6
1750,Samsabad,Local,01-Apr-20,900,1100,1000,999.92
1751,Samsabad,Local,31-Mar-20,1150,1250,1200,1199.12
1752,Samsabad,Local,30-Mar-20,900,1100,1000,999.94
1753,Samsabad,Local,29-Mar-20,900,1200,1000,1009.25
1754,Samsabad,Local,28-Mar-20,900,1200,1000,1009.25
1755,Samsabad,Local,26-Mar-20,800,1200,1000,1003.62
1756,Samsabad,Local,25-Mar-20,800,1200,1000,1003.75
1757,Samsabad,Local,20-Mar-20,900,1100,1000,999.96
1758,Samsabad,Local,19-Mar-20,900,1100,1000,1000.27
1759,Samsabad,Local,18-Mar-20,900,1000,1000,982.18
1760,Samsabad,Local,17-Mar-20,900,1100,1000,999.96
1761,Samsabad,Local,16-Mar-20,900,1100,1000,999.96
1762,Samsabad,Local,15-Mar-20,900,1100,1000,999.96
1763,Samsabad,Local,14-Mar-20,900,1100,1000,1000
1764,Samsabad,Local,13-Mar-20,900,1100,1000,1000
1765,Samsabad,Local,12-Mar-20,900,1100,1000,1000.27
1766,Samsabad,Local,11-Mar-20,900,1100,1000,1000.27
1767,Samsabad,Local,09-Mar-20,900,1100,1000,1000
1768,Samsabad,Local,08-Mar-20,900,1100,1000,1000
1769,Samsabad,Local,07-Mar-20,900,1100,1000,1000
1770,Samsabad,Local,05-Mar-20,900,1100,1000,1000.19
1771,Samsabad,Local,04-Mar-20,900,1100,1000,1000
1772,Samsabad,Local,03-Mar-20,900,1100,1000,1000
1773,Samsabad,Local,02-Mar-20,900,1100,1000,1000
1774,Samsabad,Local,01-Mar-20,900,1100,1000,1000
1775,Samsabad,Local,29-Feb-20,800,1000,900,899.47
1776,Samsabad,Local,28-Feb-20,800,1000,900,899.21
1777,Samsabad,Local,27-Feb-20,800,1000,900,899.81
1778,Samsabad,Local,26-Feb-20,800,1000,900,899.03
1779,Samsabad,Local,25-Feb-20,800,1000,900,899.66
1780,Samsabad,Local,24-Feb-20,800,1000,900,899.82
1781,Samsabad,Local,23-Feb-20,800,1000,900,899.84
1782,Samsabad,Local,22-Feb-20,800,1000,900,899.84
1783,Samsabad,Local,20-Feb-20,800,1000,900,900.44
1784,Samsabad,Local,19-Feb-20,800,1000,900,899.92
1785,Samsabad,Local,18-Feb-20,850,1000,900,904.56
1786,Samsabad,Local,17-Feb-20,750,900,800,800.52
1787,Samsabad,Local,16-Feb-20,750,900,800,800.22
1788,Samsabad,Local,15-Feb-20,750,900,800,800.02
1789,Samsabad,Local,12-Feb-20,750,900,800,800.02
1790,Samsabad,Local,11-Feb-20,750,900,800,800.02
1791,Samsabad,Local,10-Feb-20,700,900,800,800
1792,Samsabad,Local,09-Feb-20,700,900,800,800
1793,Samsabad,Local,08-Feb-20,700,900,800,800
1794,Samsabad,Local,07-Feb-20,700,900,800,800
1795,Samsabad,Local,06-Feb-20,700,900,800,801.28
1796,Samsabad,Local,05-Feb-20,700,900,800,800
1797,Samsabad,Local,04-Feb-20,700,900,800,800
1798,Samsabad,Local,03-Feb-20,700,900,800,800
1799,Samsabad,Local,02-Feb-20,700,850,800,800
1800,Samsabad,Local,01-Feb-20,700,850,800,800.02
1801,Samsabad,Local,30-Jan-20,1000,1200,1100,1103.2
1802,Samsabad,Local,29-Jan-20,1000,1200,1100,1101.21
1803,Samsabad,Local,28-Jan-20,1000,1200,1100,1100.69
1804,Samsabad,Local,27-Jan-20,1000,1200,1100,1100.25
1805,Samsabad,Local,26-Jan-20,1000,1200,1100,1100.42
1806,Samsabad,Local,25-Jan-20,1000,1200,1100,1100.05
1807,Samsabad,Local,23-Jan-20,1000,1200,1100,1100.46
1808,Samsabad,Local,22-Jan-20,1000,1200,1100,1100
1809,Samsabad,Local,21-Jan-20,1000,1200,1100,1100
1810,Samsabad,Local,20-Jan-20,1000,1200,1100,1100
1811,Samsabad,Local,19-Jan-20,1000,1200,1100,1100
1812,Samsabad,Local,18-Jan-20,1000,1200,1100,1100
1813,Samsabad,Local,16-Jan-20,1000,1200,1100,1102.16
1814,Samsabad,Local,15-Jan-20,1000,1200,1100,1100
1815,Samsabad,Local,14-Jan-20,1000,1200,1100,1100
1816,Samsabad,Local,13-Jan-20,1000,1200,1100,1100.2
1817,Samsabad,Local,12-Jan-20,1000,1200,1100,1100.2
1818,Samsabad,Local,11-Jan-20,1000,1200,1100,1100.4
1819,Samsabad,Local,09-Jan-20,1000,1200,1100,1101.32
1820,Samsabad,Local,08-Jan-20,1000,1200,1100,1100.7
1821,Samsabad,Local,07-Jan-20,1000,1300,1100,1132.82
1822,Samsabad,Local,06-Jan-20,1000,1200,1100,1100.9
1823,Samsabad,Local,05-Jan-20,1000,1200,1100,1101.5
1824,Samsabad,Local,04-Jan-20,1100,1300,1200,1196.62
1825,Samsabad,Local,02-Jan-20,1100,1300,1200,1199.9
1826,Samsabad,Local,01-Jan-20,1100,1300,1200,1197.26
